img_src,reference_img,target_img,reference_id,target_id
data0901\floor_display2\imdata_with_bbox,1,2,73,38
data0901\floor_display2\imdata_with_bbox,1,2,85,47
data0901\floor_display2\imdata_with_bbox,1,2,41,78
data0901\floor_display2\imdata_with_bbox,1,2,50,37
data0901\floor_display2\imdata_with_bbox,1,2,53,43
data0901\floor_display2\imdata_with_bbox,1,2,49,41
data0901\floor_display2\imdata_with_bbox,1,2,66,30
data0901\floor_display2\imdata_with_bbox,1,2,60,70
data0901\floor_display2\imdata_with_bbox,1,2,57,79
data0901\floor_display2\imdata_with_bbox,1,2,56,44
data0901\floor_display2\imdata_with_bbox,1,2,11,98
data0901\floor_display2\imdata_with_bbox,1,2,29,51
data0901\floor_display2\imdata_with_bbox,1,2,6,34
data0901\floor_display2\imdata_with_bbox,1,2,15,22
data0901\floor_display2\imdata_with_bbox,1,2,14,7
data0901\floor_display2\imdata_with_bbox,1,2,12,18
data0901\floor_display2\imdata_with_bbox,1,2,17,1
data0901\floor_display2\imdata_with_bbox,1,2,36,71
data0901\floor_display2\imdata_with_bbox,1,2,31,83
data0901\floor_display2\imdata_with_bbox,1,2,25,84
data0901\floor_display2\imdata_with_bbox,1,2,63,86
data0901\floor_display2\imdata_with_bbox,1,2,42,58
data0901\floor_display2\imdata_with_bbox,1,2,32,36
data0901\floor_display2\imdata_with_bbox,1,2,21,26
data0901\floor_display2\imdata_with_bbox,1,2,8,5
data0901\floor_display2\imdata_with_bbox,1,2,39,3
data0901\floor_display2\imdata_with_bbox,1,2,44,89
data0901\floor_display2\imdata_with_bbox,1,2,45,87
data0901\floor_display2\imdata_with_bbox,1,2,28,97
data0901\floor_display2\imdata_with_bbox,1,2,46,49
data0901\floor_display2\imdata_with_bbox,1,2,27,48
data0901\floor_display2\imdata_with_bbox,1,2,20,17
data0901\floor_display2\imdata_with_bbox,1,2,9,14
data0901\floor_display2\imdata_with_bbox,1,2,38,25
data0901\floor_display2\imdata_with_bbox,1,2,35,60
data0901\floor_display2\imdata_with_bbox,2,3,69,2
data0901\floor_display2\imdata_with_bbox,2,3,50,10
data0901\floor_display2\imdata_with_bbox,2,3,68,29
data0901\floor_display2\imdata_with_bbox,2,3,66,23
data0901\floor_display2\imdata_with_bbox,2,3,94,28
data0901\floor_display2\imdata_with_bbox,2,3,1,46
data0901\floor_display2\imdata_with_bbox,2,3,2,8
data0901\floor_display2\imdata_with_bbox,2,3,8,0
data0901\floor_display2\imdata_with_bbox,2,3,13,7
data0901\floor_display2\imdata_with_bbox,2,3,24,1
data0901\floor_display2\imdata_with_bbox,2,3,29,13
data0901\floor_display2\imdata_with_bbox,2,3,67,20
data0901\floor_display2\imdata_with_bbox,2,3,75,16
data0901\floor_display2\imdata_with_bbox,2,3,46,22
data0901\floor_display2\imdata_with_bbox,2,3,53,30
data0901\floor_display2\imdata_with_bbox,2,3,3,52
data0901\floor_display2\imdata_with_bbox,2,3,42,11
data0901\floor_display2\imdata_with_bbox,2,3,15,3
data0901\floor_display2\imdata_with_bbox,2,3,33,6
data0901\floor_display2\imdata_with_bbox,2,3,47,4
data0901\floor_display2\imdata_with_bbox,2,3,52,12
data0901\floor_display2\imdata_with_bbox,2,3,81,35
data0901\floor_display2\imdata_with_bbox,2,3,64,31
data0901\floor_display2\imdata_with_bbox,2,3,57,33
data0901\floor_display2\imdata_with_bbox,2,3,53,43
data0901\floor_display2\imdata_with_bbox,2,3,60,37
data0901\floor_display2\imdata_with_bbox,2,3,4,17
data0901\floor_display2\imdata_with_bbox,2,3,12,14
data0901\floor_display2\imdata_with_bbox,2,3,19,15
data0901\floor_display2\imdata_with_bbox,2,3,31,19
data0901\floor_display2\imdata_with_bbox,2,3,46,34
data0901\floor_display2\imdata_with_bbox,2,3,65,25
data0901\floor_display2\imdata_with_bbox,2,3,77,51
data0901\floor_display2\imdata_with_bbox,3,4,44,78
data0901\floor_display2\imdata_with_bbox,3,4,41,39
data0901\floor_display2\imdata_with_bbox,3,4,49,90
data0901\floor_display2\imdata_with_bbox,3,4,48,76
data0901\floor_display2\imdata_with_bbox,3,4,24,50
data0901\floor_display2\imdata_with_bbox,3,4,2,53
data0901\floor_display2\imdata_with_bbox,3,4,9,16
data0901\floor_display2\imdata_with_bbox,3,4,10,13
data0901\floor_display2\imdata_with_bbox,3,4,29,38
data0901\floor_display2\imdata_with_bbox,3,4,23,23
data0901\floor_display2\imdata_with_bbox,3,4,21,41
data0901\floor_display2\imdata_with_bbox,3,4,18,15
data0901\floor_display2\imdata_with_bbox,3,4,28,5
data0901\floor_display2\imdata_with_bbox,3,4,0,40
data0901\floor_display2\imdata_with_bbox,3,4,7,20
data0901\floor_display2\imdata_with_bbox,3,4,1,18
data0901\floor_display2\imdata_with_bbox,3,4,13,2
data0901\floor_display2\imdata_with_bbox,3,4,20,4
data0901\floor_display2\imdata_with_bbox,3,4,16,14
data0901\floor_display2\imdata_with_bbox,3,4,22,8
data0901\floor_display2\imdata_with_bbox,3,4,39,0
data0901\floor_display2\imdata_with_bbox,3,4,11,100
data0901\floor_display2\imdata_with_bbox,3,4,3,57
data0901\floor_display2\imdata_with_bbox,3,4,6,51
data0901\floor_display2\imdata_with_bbox,3,4,4,35
data0901\floor_display2\imdata_with_bbox,3,4,12,30
data0901\floor_display2\imdata_with_bbox,3,4,35,28
data0901\floor_display2\imdata_with_bbox,3,4,31,34
data0901\floor_display2\imdata_with_bbox,3,4,33,26
data0901\floor_display2\imdata_with_bbox,3,4,37,123
data0901\floor_display2\imdata_with_bbox,3,4,17,54
data0901\floor_display2\imdata_with_bbox,3,4,14,61
data0901\floor_display2\imdata_with_bbox,3,4,15,31
data0901\floor_display2\imdata_with_bbox,3,4,19,11
data0901\floor_display2\imdata_with_bbox,3,4,34,24
data0901\floor_display2\imdata_with_bbox,3,4,25,7
data0901\floor_display2\imdata_with_bbox,3,4,51,114
data0901\floor_display2\imdata_with_bbox,4,5,55,74
data0901\floor_display2\imdata_with_bbox,4,5,70,57
data0901\floor_display2\imdata_with_bbox,4,5,19,73
data0901\floor_display2\imdata_with_bbox,4,5,47,50
data0901\floor_display2\imdata_with_bbox,4,5,91,67
data0901\floor_display2\imdata_with_bbox,4,5,117,84
data0901\floor_display2\imdata_with_bbox,4,5,42,72
data0901\floor_display2\imdata_with_bbox,4,5,39,90
data0901\floor_display2\imdata_with_bbox,4,5,119,76
data0901\floor_display2\imdata_with_bbox,4,5,113,62
data0901\floor_display2\imdata_with_bbox,4,5,110,63
data0901\floor_display2\imdata_with_bbox,4,5,10,22
data0901\floor_display2\imdata_with_bbox,4,5,52,19
data0901\floor_display2\imdata_with_bbox,4,5,86,24
data0901\floor_display2\imdata_with_bbox,4,5,98,26
data0901\floor_display2\imdata_with_bbox,4,5,106,60
data0901\floor_display2\imdata_with_bbox,4,5,107,58
data0901\floor_display2\imdata_with_bbox,4,5,0,49
data0901\floor_display2\imdata_with_bbox,4,5,1,11
data0901\floor_display2\imdata_with_bbox,4,5,37,4
data0901\floor_display2\imdata_with_bbox,4,5,17,9
data0901\floor_display2\imdata_with_bbox,4,5,49,33
data0901\floor_display2\imdata_with_bbox,4,5,29,20
data0901\floor_display2\imdata_with_bbox,4,5,103,69
data0901\floor_display2\imdata_with_bbox,4,5,89,46
data0901\floor_display2\imdata_with_bbox,4,5,21,21
data0901\floor_display2\imdata_with_bbox,4,5,9,14
data0901\floor_display2\imdata_with_bbox,4,5,22,5
data0901\floor_display2\imdata_with_bbox,4,5,36,28
data0901\floor_display2\imdata_with_bbox,4,5,81,48
data0901\floor_display2\imdata_with_bbox,4,5,111,15
data0901\floor_display2\imdata_with_bbox,4,5,69,18
data0901\floor_display2\imdata_with_bbox,4,5,93,1
data0901\floor_display2\imdata_with_bbox,4,5,32,27
data0901\floor_display2\imdata_with_bbox,4,5,33,23
data0901\floor_display2\imdata_with_bbox,4,5,59,12
data0901\floor_display2\imdata_with_bbox,4,5,60,29
data0901\floor_display2\imdata_with_bbox,4,5,64,34
data0901\floor_display2\imdata_with_bbox,4,5,79,54
data0901\floor_display2\imdata_with_bbox,4,5,101,10
data0901\floor_display2\imdata_with_bbox,4,5,80,2
data0901\floor_display2\imdata_with_bbox,4,5,73,7
data0901\floor_display2\imdata_with_bbox,4,5,85,6
data0901\floor_display2\imdata_with_bbox,4,5,92,25
data0901\floor_display2\imdata_with_bbox,4,5,96,0
data0901\floor_display3\imdata_with_bbox,1,2,12,40
data0901\floor_display3\imdata_with_bbox,1,2,21,15
data0901\floor_display3\imdata_with_bbox,1,2,15,35
data0901\floor_display3\imdata_with_bbox,1,2,25,10
data0901\floor_display3\imdata_with_bbox,1,2,29,11
data0901\floor_display3\imdata_with_bbox,1,2,28,37
data0901\floor_display3\imdata_with_bbox,1,2,7,7
data0901\floor_display3\imdata_with_bbox,1,2,10,4
data0901\floor_display3\imdata_with_bbox,1,2,11,9
data0901\floor_display3\imdata_with_bbox,1,2,0,4
data0901\floor_display3\imdata_with_bbox,1,2,9,12
data0901\floor_display3\imdata_with_bbox,1,2,2,31
data0901\floor_display3\imdata_with_bbox,1,2,1,22
data0901\floor_display3\imdata_with_bbox,1,2,4,13
data0901\floor_display3\imdata_with_bbox,1,2,3,6
data0901\floor_display3\imdata_with_bbox,1,2,6,3
data0901\floor_display3\imdata_with_bbox,1,2,5,1
data0901\floor_display3\imdata_with_bbox,1,2,19,2
data0901\floor_display3\imdata_with_bbox,2,3,18,24
data0901\floor_display3\imdata_with_bbox,2,3,16,22
data0901\floor_display3\imdata_with_bbox,2,3,27,25
data0901\floor_display3\imdata_with_bbox,2,3,15,16
data0901\floor_display3\imdata_with_bbox,2,3,21,20
data0901\floor_display3\imdata_with_bbox,2,3,23,29
data0901\floor_display3\imdata_with_bbox,2,3,10,41
data0901\floor_display3\imdata_with_bbox,2,3,11,31
data0901\floor_display3\imdata_with_bbox,2,3,45,27
data0901\floor_display3\imdata_with_bbox,2,3,42,32
data0901\floor_display3\imdata_with_bbox,2,3,54,33
data0901\floor_display3\imdata_with_bbox,2,3,19,19
data0901\floor_display3\imdata_with_bbox,2,3,17,23
data0901\floor_display3\imdata_with_bbox,2,3,51,18
data0901\floor_display3\imdata_with_bbox,2,3,53,38
data0901\floor_display3\imdata_with_bbox,2,3,0,36
data0901\floor_display3\imdata_with_bbox,2,3,12,12
data0901\floor_display3\imdata_with_bbox,2,3,5,11
data0901\floor_display3\imdata_with_bbox,2,3,25,5
data0901\floor_display3\imdata_with_bbox,2,3,50,28
data0901\floor_display3\imdata_with_bbox,2,3,48,39
data0901\floor_display3\imdata_with_bbox,2,3,2,2
data0901\floor_display3\imdata_with_bbox,2,3,8,6
data0901\floor_display3\imdata_with_bbox,2,3,24,4
data0901\floor_display3\imdata_with_bbox,2,3,26,1
data0901\floor_display3\imdata_with_bbox,2,3,28,3
data0901\floor_display3\imdata_with_bbox,2,3,46,10
data0901\floor_display3\imdata_with_bbox,2,3,30,7
data0901\floor_display3\imdata_with_bbox,2,3,33,8
data0901\floor_display3\imdata_with_bbox,2,3,38,9
data0901\floor_display3\imdata_with_bbox,3,4,29,26
data0901\floor_display3\imdata_with_bbox,3,4,26,9
data0901\floor_display3\imdata_with_bbox,3,4,14,3
data0901\floor_display3\imdata_with_bbox,3,4,42,13
data0901\floor_display3\imdata_with_bbox,3,4,41,32
data0901\floor_display3\imdata_with_bbox,3,4,31,46
data0901\floor_display3\imdata_with_bbox,3,4,27,43
data0901\floor_display3\imdata_with_bbox,3,4,32,33
data0901\floor_display3\imdata_with_bbox,3,4,33,12
data0901\floor_display3\imdata_with_bbox,3,4,44,14
data0901\floor_display3\imdata_with_bbox,3,4,19,45
data0901\floor_display3\imdata_with_bbox,3,4,23,31
data0901\floor_display3\imdata_with_bbox,3,4,18,20
data0901\floor_display3\imdata_with_bbox,3,4,34,35
data0901\floor_display3\imdata_with_bbox,3,4,38,23
data0901\floor_display3\imdata_with_bbox,3,4,11,18
data0901\floor_display3\imdata_with_bbox,3,4,6,5
data0901\floor_display3\imdata_with_bbox,3,4,5,21
data0901\floor_display3\imdata_with_bbox,3,4,17,19
data0901\floor_display3\imdata_with_bbox,3,4,28,8
data0901\floor_display3\imdata_with_bbox,3,4,15,17
data0901\floor_display3\imdata_with_bbox,3,4,13,11
data0901\floor_display3\imdata_with_bbox,3,4,39,0
data0901\floor_display3\imdata_with_bbox,3,4,0,37
data0901\floor_display3\imdata_with_bbox,3,4,4,28
data0901\floor_display3\imdata_with_bbox,3,4,1,22
data0901\floor_display3\imdata_with_bbox,3,4,3,39
data0901\floor_display3\imdata_with_bbox,3,4,10,10
data0901\floor_display3\imdata_with_bbox,3,4,7,16
data0901\floor_display3\imdata_with_bbox,3,4,8,1
data0901\floor_display3\imdata_with_bbox,3,4,9,4
data0901\floor_display3\imdata_with_bbox,3,4,43,2
data0901\floor_display3\imdata_with_bbox,4,5,13,17
data0901\floor_display3\imdata_with_bbox,4,5,24,15
data0901\floor_display3\imdata_with_bbox,4,5,12,25
data0901\floor_display3\imdata_with_bbox,4,5,14,14
data0901\floor_display3\imdata_with_bbox,4,5,23,16
data0901\floor_display3\imdata_with_bbox,4,5,44,26
data0901\floor_display3\imdata_with_bbox,4,5,0,6
data0901\floor_display3\imdata_with_bbox,4,5,36,20
data0901\floor_display3\imdata_with_bbox,4,5,49,13
data0901\floor_display3\imdata_with_bbox,4,5,34,11
data0901\floor_display3\imdata_with_bbox,4,5,2,7
data0901\floor_display3\imdata_with_bbox,4,5,25,1
data0901\floor_display3\imdata_with_bbox,4,5,6,4
data0901\floor_display3\imdata_with_bbox,4,5,15,0
data0901\floor_display3\imdata_with_bbox,4,5,27,5
data0901\floor_display3\imdata_with_bbox,4,5,48,3
data0901\floor_display4\imdata_with_bbox,1,2,17,90
data0901\floor_display4\imdata_with_bbox,1,2,6,14
data0901\floor_display4\imdata_with_bbox,1,2,8,9
data0901\floor_display4\imdata_with_bbox,1,2,5,6
data0901\floor_display4\imdata_with_bbox,1,2,0,13
data0901\floor_display4\imdata_with_bbox,1,2,2,10
data0901\floor_display4\imdata_with_bbox,1,2,1,11
data0901\floor_display4\imdata_with_bbox,1,2,4,2
data0901\floor_display4\imdata_with_bbox,1,2,3,0
data0901\floor_display4\imdata_with_bbox,2,3,0,7
data0901\floor_display4\imdata_with_bbox,2,3,3,2
data0901\floor_display4\imdata_with_bbox,2,3,4,3
data0901\floor_display4\imdata_with_bbox,2,3,1,0
data0901\floor_display4\imdata_with_bbox,2,3,7,1
data0901\floor_display4\imdata_with_bbox,2,3,5,4
data0901\floor_display4\imdata_with_bbox,2,3,15,9
data0901\floor_display4\imdata_with_bbox,3,4,4,74
data0901\floor_display4\imdata_with_bbox,3,4,6,28
data0901\floor_display4\imdata_with_bbox,3,4,5,16
data0901\floor_display4\imdata_with_bbox,3,4,9,12
data0901\floor_display4\imdata_with_bbox,3,4,10,0
data0901\floor_display4\imdata_with_bbox,3,4,8,4
data0901\floor_display4\imdata_with_bbox,3,4,12,7
data0901\floor_display4\imdata_with_bbox,3,4,11,3
data0901\floor_display4\imdata_with_bbox,3,4,14,6
data0901\floor_display4\imdata_with_bbox,3,4,37,37
data0901\floor_display4\imdata_with_bbox,3,4,19,27
data0901\floor_display4\imdata_with_bbox,3,4,26,15
data0901\floor_display4\imdata_with_bbox,3,4,13,20
data0901\floor_display4\imdata_with_bbox,3,4,35,21
data0901\floor_display4\imdata_with_bbox,3,4,17,57
data0901\floor_display4\imdata_with_bbox,3,4,34,68
data0901\floor_display4\imdata_with_bbox,3,4,16,71
data0901\floor_display4\imdata_with_bbox,3,4,32,83
data0901\floor_display4\imdata_with_bbox,3,4,46,56
data0901\floor_display4\imdata_with_bbox,4,5,11,56
data0901\floor_display4\imdata_with_bbox,4,5,32,26
data0901\floor_display4\imdata_with_bbox,4,5,59,85
data0901\floor_display4\imdata_with_bbox,4,5,55,46
data0901\floor_display4\imdata_with_bbox,4,5,31,33
data0901\floor_display4\imdata_with_bbox,4,5,22,52
data0901\floor_display4\imdata_with_bbox,4,5,13,35
data0901\floor_display4\imdata_with_bbox,4,5,18,5
data0901\floor_display4\imdata_with_bbox,4,5,20,82
data0901\floor_display4\imdata_with_bbox,4,5,62,36
data0901\floor_display4\imdata_with_bbox,4,5,50,15
data0901\floor_display4\imdata_with_bbox,4,5,7,43
data0901\floor_display4\imdata_with_bbox,4,5,3,10
data0901\floor_display4\imdata_with_bbox,4,5,6,31
data0901\floor_display4\imdata_with_bbox,4,5,8,7
data0901\floor_display4\imdata_with_bbox,4,5,5,0
data0901\floor_display4\imdata_with_bbox,4,5,71,67
data0901\floor_display4\imdata_with_bbox,4,5,68,75
data0901\floor_display4\imdata_with_bbox,4,5,57,54
data0901\floor_display4\imdata_with_bbox,4,5,21,29
data0901\floor_display4\imdata_with_bbox,4,5,67,51
data0901\floor_display4\imdata_with_bbox,5,6,5,73
data0901\floor_display4\imdata_with_bbox,5,6,45,4
data0901\floor_display4\imdata_with_bbox,5,6,2,2
data0901\floor_display4\imdata_with_bbox,5,6,3,1
data0901\floor_display4\imdata_with_bbox,5,6,1,3
data0901\floor_display4\imdata_with_bbox,5,6,4,0
data0901\floor_display4\imdata_with_bbox,5,6,82,8
data0901\floor_display4\imdata_with_bbox,5,6,55,44
data0901\floor_display4\imdata_with_bbox,5,6,24,7
data0901\floor_display4\imdata_with_bbox,5,6,26,125
data0901\floor_display4\imdata_with_bbox,5,6,76,162
data0901\floor_display4\imdata_with_bbox,5,6,61,86
data0901\floor_display4\imdata_with_bbox,5,6,32,21
data0901\floor_display4\imdata_with_bbox,5,6,48,32
data0901\floor_display4\imdata_with_bbox,5,6,27,14
data0901\floor_display4\imdata_with_bbox,6,7,73,16
data0901\floor_display4\imdata_with_bbox,6,7,4,15
data0901\floor_display4\imdata_with_bbox,6,7,2,10
data0901\floor_display4\imdata_with_bbox,6,7,1,11
data0901\floor_display4\imdata_with_bbox,6,7,3,4
data0901\floor_display4\imdata_with_bbox,6,7,0,0
data0901\floor_display4\imdata_with_bbox,6,7,7,14
data0901\floor_display4\imdata_with_bbox,6,7,34,12
data0901\floor_display4\imdata_with_bbox,7,8,0,7
data0901\floor_display4\imdata_with_bbox,7,8,1,5
data0901\floor_display4\imdata_with_bbox,7,8,2,4
data0901\floor_display4\imdata_with_bbox,7,8,6,1
data0901\floor_display4\imdata_with_bbox,7,8,5,0
data0901\floor_display4\imdata_with_bbox,7,8,7,2
data0901\floor_display4\imdata_with_bbox,7,8,8,3
data0901\floor_display4\imdata_with_bbox,7,8,3,6
data0901\floor_display4\imdata_with_bbox,7,8,12,19
data0901\floor_display4\imdata_with_bbox,8,9,0,133
data0901\floor_display4\imdata_with_bbox,8,9,2,11
data0901\floor_display4\imdata_with_bbox,8,9,3,154
data0901\floor_display4\imdata_with_bbox,8,9,6,9
data0901\floor_display4\imdata_with_bbox,8,9,18,25
data0901\floor_display4\imdata_with_bbox,8,9,13,13
data0901\floor_display4\imdata_with_bbox,8,9,20,24
data0901\floor_display4\imdata_with_bbox,9,10,121,33
data0901\floor_display4\imdata_with_bbox,9,10,5,4
data0901\floor_display4\imdata_with_bbox,9,10,51,34
data0901\floor_display4\imdata_with_bbox,9,10,139,31
data0901\floor_display4\imdata_with_bbox,9,10,99,30
data0901\floor_display4\imdata_with_bbox,9,10,17,23
data0901\floor_display4\imdata_with_bbox,9,10,18,14
data0901\floor_display4\imdata_with_bbox,9,10,13,17
data0901\floor_display4\imdata_with_bbox,9,10,15,10
data0901\floor_display4\imdata_with_bbox,9,10,21,16
data0901\floor_display4\imdata_with_bbox,9,10,25,27
data0901\floor_display4\imdata_with_bbox,9,10,95,21
data0901\floor_display4\imdata_with_bbox,9,10,148,24
data0901\floor_display4\imdata_with_bbox,9,10,3,3
data0901\floor_display4\imdata_with_bbox,9,10,7,1
data0901\floor_display4\imdata_with_bbox,9,10,8,5
data0901\floor_display4\imdata_with_bbox,9,10,10,7
data0901\floor_display4\imdata_with_bbox,9,10,61,18
data0901\floor_display4\imdata_with_bbox,9,10,14,11
data0901\floor_display4\imdata_with_bbox,9,10,22,12
data0901\floor_display4\imdata_with_bbox,10,11,0,21
data0901\floor_display4\imdata_with_bbox,10,11,2,20
data0901\floor_display4\imdata_with_bbox,10,11,3,16
data0901\floor_display4\imdata_with_bbox,10,11,1,12
data0901\floor_display4\imdata_with_bbox,10,11,5,17
data0901\floor_display4\imdata_with_bbox,10,11,7,3
data0901\floor_display4\imdata_with_bbox,10,11,11,18
data0901\floor_display4\imdata_with_bbox,10,11,12,8
data0901\floor_display4\imdata_with_bbox,10,11,21,29
data0901\floor_display4\imdata_with_bbox,10,11,19,26
data0901\floor_display4\imdata_with_bbox,10,11,34,27
data0901\floor_display4\imdata_with_bbox,10,11,33,22
data0901\floor_display4\imdata_with_bbox,10,11,6,14
data0901\floor_display4\imdata_with_bbox,10,11,13,10
data0901\floor_display4\imdata_with_bbox,10,11,8,7
data0901\floor_display4\imdata_with_bbox,10,11,9,5
data0901\floor_display4\imdata_with_bbox,10,11,15,1
data0901\floor_display4\imdata_with_bbox,10,11,22,3
data0901\floor_display4\imdata_with_bbox,11,1,8,10
data0901\floor_display4\imdata_with_bbox,11,1,3,12
data0901\floor_display4\imdata_with_bbox,11,1,12,16
data0901\floor_display4\imdata_with_bbox,11,1,20,22
data0901\floor_display4\imdata_with_bbox,11,1,21,54
data0901\floor_display4\imdata_with_bbox,11,1,29,27
data0901\floor_display4\imdata_with_bbox,11,1,26,42
data0901\floor_display4\imdata_with_bbox,11,1,22,19
data0901\floor_display4\imdata_with_bbox,11,1,23,21
data0901\floor_display4\imdata_with_bbox,11,1,15,13
data0901\floor_display4\imdata_with_bbox,11,1,7,6
data0901\floor_display4\imdata_with_bbox,11,1,5,8
data0901\floor_display4\imdata_with_bbox,11,1,19,50
data0901\floor_display4\imdata_with_bbox,11,1,1,5
data0901\floor_display4\imdata_with_bbox,11,1,3,0
data0901\floor_display4\imdata_with_bbox,11,1,0,2
data0901\floor_display4\imdata_with_bbox,11,1,2,1
data0901\floor_display4\imdata_with_bbox,11,1,4,4
data0901\floor_display4\imdata_with_bbox,11,1,6,3
data0901\floor_display4\imdata_with_bbox,11,1,25,14
data0901\floor_display4\imdata_with_bbox,11,1,28,17
data0902\floor_display5\imdata_with_bbox,1,2,20,97
data0902\floor_display5\imdata_with_bbox,1,2,14,11
data0902\floor_display5\imdata_with_bbox,1,2,12,9
data0902\floor_display5\imdata_with_bbox,1,2,13,18
data0902\floor_display5\imdata_with_bbox,1,2,6,22
data0902\floor_display5\imdata_with_bbox,1,2,9,12
data0902\floor_display5\imdata_with_bbox,1,2,18,5
data0902\floor_display5\imdata_with_bbox,1,2,11,3
data0902\floor_display5\imdata_with_bbox,1,2,4,4
data0902\floor_display5\imdata_with_bbox,1,2,3,2
data0902\floor_display5\imdata_with_bbox,1,2,5,0
data0902\floor_display5\imdata_with_bbox,1,2,18,1
data0902\floor_display5\imdata_with_bbox,1,2,17,93
data0902\floor_display5\imdata_with_bbox,1,2,16,46
data0902\floor_display5\imdata_with_bbox,1,2,7,13
data0902\floor_display5\imdata_with_bbox,1,2,0,8
data0902\floor_display5\imdata_with_bbox,1,2,1,10
data0902\floor_display5\imdata_with_bbox,1,2,2,7
data0902\floor_display5\imdata_with_bbox,1,2,10,6
data0902\floor_display5\imdata_with_bbox,2,3,1,11
data0902\floor_display5\imdata_with_bbox,2,3,52,29
data0902\floor_display5\imdata_with_bbox,2,3,20,23
data0902\floor_display5\imdata_with_bbox,2,3,24,14
data0902\floor_display5\imdata_with_bbox,2,3,38,8
data0902\floor_display5\imdata_with_bbox,2,3,51,24
data0902\floor_display5\imdata_with_bbox,2,3,94,31
data0902\floor_display5\imdata_with_bbox,3,4,11,25
data0902\floor_display5\imdata_with_bbox,3,4,29,12
data0902\floor_display5\imdata_with_bbox,3,4,23,15
data0902\floor_display5\imdata_with_bbox,3,4,14,23
data0902\floor_display5\imdata_with_bbox,3,4,30,20
data0902\floor_display5\imdata_with_bbox,3,4,8,13
data0902\floor_display5\imdata_with_bbox,3,4,24,35
data0902\floor_display5\imdata_with_bbox,3,4,19,16
data0902\floor_display5\imdata_with_bbox,3,4,25,22
data0902\floor_display5\imdata_with_bbox,3,4,32,42
data0902\floor_display5\imdata_with_bbox,3,4,3,6
data0902\floor_display5\imdata_with_bbox,3,4,9,7
data0902\floor_display5\imdata_with_bbox,3,4,12,46
data0902\floor_display5\imdata_with_bbox,3,4,13,30
data0902\floor_display5\imdata_with_bbox,3,4,43,18
data0902\floor_display5\imdata_with_bbox,3,4,17,18
data0902\floor_display5\imdata_with_bbox,3,4,22,19
data0902\floor_display5\imdata_with_bbox,3,4,28,1
data0902\floor_display5\imdata_with_bbox,3,4,10,44
data0902\floor_display5\imdata_with_bbox,3,4,15,21
data0902\floor_display5\imdata_with_bbox,3,4,16,11
data0902\floor_display5\imdata_with_bbox,3,4,1,5
data0902\floor_display5\imdata_with_bbox,3,4,0,3
data0902\floor_display5\imdata_with_bbox,3,4,2,29
data0902\floor_display5\imdata_with_bbox,3,4,6,8
data0902\floor_display5\imdata_with_bbox,3,4,4,26
data0902\floor_display5\imdata_with_bbox,3,4,21,17
data0902\floor_display5\imdata_with_bbox,3,4,27,24
data0902\floor_display5\imdata_with_bbox,3,4,5,0
data0902\floor_display5\imdata_with_bbox,3,4,7,2
data0902\floor_display5\imdata_with_bbox,3,4,26,4
data0902\floor_display5\imdata_with_bbox,3,4,20,9
data0902\floor_display5\imdata_with_bbox,4,5,22,19
data0902\floor_display5\imdata_with_bbox,4,5,28,8
data0902\floor_display5\imdata_with_bbox,4,5,37,18
data0902\floor_display5\imdata_with_bbox,4,5,14,23
data0902\floor_display5\imdata_with_bbox,4,5,31,7
data0902\floor_display5\imdata_with_bbox,4,5,34,0
data0902\floor_display5\imdata_with_bbox,5,6,20,15
data0902\floor_display5\imdata_with_bbox,5,6,21,12
data0902\floor_display5\imdata_with_bbox,5,6,23,2
data0902\floor_display5\imdata_with_bbox,5,6,8,14
data0902\floor_display5\imdata_with_bbox,5,6,18,17
data0902\floor_display5\imdata_with_bbox,5,6,12,19
data0902\floor_display5\imdata_with_bbox,5,6,14,21
data0902\floor_display5\imdata_with_bbox,5,6,9,13
data0902\floor_display5\imdata_with_bbox,5,6,5,18
data0902\floor_display5\imdata_with_bbox,5,6,1,11
data0902\floor_display5\imdata_with_bbox,5,6,3,5
data0902\floor_display5\imdata_with_bbox,5,6,4,7
data0902\floor_display5\imdata_with_bbox,5,6,2,8
data0902\floor_display5\imdata_with_bbox,5,6,6,1
data0902\floor_display5\imdata_with_bbox,5,6,11,0
data0902\floor_display5\imdata_with_bbox,5,6,7,3
data0902\floor_display5\imdata_with_bbox,5,6,0,4
data0902\floor_display5\imdata_with_bbox,6,7,1,2
data0902\floor_display5\imdata_with_bbox,6,7,0,1
data0902\floor_display5\imdata_with_bbox,6,7,9,3
data0902\floor_display5\imdata_with_bbox,6,7,4,11
data0902\floor_display5\imdata_with_bbox,6,7,16,4
data0902\floor_display5\imdata_with_bbox,6,7,27,5
data0902\floor_display5\imdata_with_bbox,6,7,24,6
data0902\floor_display5\imdata_with_bbox,6,7,20,0
data0902\floor_display5\imdata_with_bbox,7,8,1,10
data0902\floor_display5\imdata_with_bbox,7,8,3,53
data0902\floor_display5\imdata_with_bbox,7,8,11,60
data0902\floor_display5\imdata_with_bbox,7,8,9,34
data0902\floor_display5\imdata_with_bbox,7,8,4,35
data0902\floor_display5\imdata_with_bbox,7,8,8,1
data0902\floor_display5\imdata_with_bbox,7,8,10,25
data0902\floor_display5\imdata_with_bbox,7,8,7,37
data0902\floor_display5\imdata_with_bbox,7,8,5,3
data0902\floor_display5\imdata_with_bbox,7,8,6,2
data0902\floor_display5\imdata_with_bbox,7,8,0,0
data0902\floor_display5\imdata_with_bbox,8,1,37,20
data0902\floor_display5\imdata_with_bbox,8,1,41,14
data0902\floor_display5\imdata_with_bbox,8,1,11,12
data0902\floor_display5\imdata_with_bbox,8,1,9,13
data0902\floor_display5\imdata_with_bbox,8,1,7,6
data0902\floor_display5\imdata_with_bbox,8,1,46,8
data0902\floor_display5\imdata_with_bbox,8,1,39,11
data0902\floor_display5\imdata_with_bbox,8,1,27,15
data0902\floor_display5\imdata_with_bbox,8,1,44,5
data0902\floor_display5\imdata_with_bbox,8,1,0,7
data0902\floor_display5\imdata_with_bbox,8,1,8,0
data0902\floor_display5\imdata_with_bbox,8,1,5,1
data0902\floor_display5\imdata_with_bbox,8,1,4,2
data0902\floor_display5\imdata_with_bbox,8,1,6,10
data0902\floor_display6\imdata_with_bbox,1,2,21,26
data0902\floor_display6\imdata_with_bbox,1,2,18,23
data0902\floor_display6\imdata_with_bbox,1,2,14,27
data0902\floor_display6\imdata_with_bbox,1,2,17,11
data0902\floor_display6\imdata_with_bbox,1,2,24,3
data0902\floor_display6\imdata_with_bbox,1,2,7,29
data0902\floor_display6\imdata_with_bbox,1,2,3,2
data0902\floor_display6\imdata_with_bbox,1,2,4,0
data0902\floor_display6\imdata_with_bbox,1,2,23,8
data0902\floor_display6\imdata_with_bbox,1,2,13,21
data0902\floor_display6\imdata_with_bbox,1,2,5,30
data0902\floor_display6\imdata_with_bbox,1,2,11,10
data0902\floor_display6\imdata_with_bbox,1,2,20,22
data0902\floor_display6\imdata_with_bbox,1,2,30,12
data0902\floor_display6\imdata_with_bbox,1,2,27,31
data0902\floor_display6\imdata_with_bbox,2,3,18,17
data0902\floor_display6\imdata_with_bbox,2,3,28,18
data0902\floor_display6\imdata_with_bbox,2,3,24,23
data0902\floor_display6\imdata_with_bbox,2,3,13,14
data0902\floor_display6\imdata_with_bbox,2,3,6,12
data0902\floor_display6\imdata_with_bbox,2,3,15,7
data0902\floor_display6\imdata_with_bbox,2,3,9,3
data0902\floor_display6\imdata_with_bbox,2,3,34,2
data0902\floor_display6\imdata_with_bbox,2,3,25,14
data0902\floor_display6\imdata_with_bbox,3,4,30,31
data0902\floor_display6\imdata_with_bbox,3,4,10,15
data0902\floor_display6\imdata_with_bbox,3,4,13,1
data0902\floor_display6\imdata_with_bbox,3,4,24,11
data0902\floor_display6\imdata_with_bbox,3,4,26,8
data0902\floor_display6\imdata_with_bbox,3,4,25,9
data0902\floor_display6\imdata_with_bbox,3,4,28,12
data0902\floor_display6\imdata_with_bbox,3,4,21,13
data0902\floor_display6\imdata_with_bbox,3,4,27,14
data0902\floor_display6\imdata_with_bbox,3,4,2,27
data0902\floor_display6\imdata_with_bbox,3,4,15,3
data0902\floor_display6\imdata_with_bbox,3,4,0,20
data0902\floor_display6\imdata_with_bbox,3,4,16,16
data0902\floor_display6\imdata_with_bbox,3,4,9,0
data0902\floor_display6\imdata_with_bbox,3,4,6,2
data0902\floor_display6\imdata_with_bbox,3,4,8,4
data0902\floor_display6\imdata_with_bbox,3,4,32,7
data0902\floor_display6\imdata_with_bbox,3,4,15,25
data0902\floor_display6\imdata_with_bbox,3,4,1,10
data0902\floor_display6\imdata_with_bbox,3,4,4,5
data0902\floor_display6\imdata_with_bbox,3,4,35,28
data0902\floor_display6\imdata_with_bbox,3,4,29,19
data0902\floor_display6\imdata_with_bbox,3,4,22,18
data0902\floor_display6\imdata_with_bbox,3,4,31,29
data0902\floor_display6\imdata_with_bbox,4,5,31,26
data0902\floor_display6\imdata_with_bbox,4,5,15,18
data0902\floor_display6\imdata_with_bbox,4,5,1,12
data0902\floor_display6\imdata_with_bbox,4,5,11,21
data0902\floor_display6\imdata_with_bbox,4,5,8,10
data0902\floor_display6\imdata_with_bbox,4,5,9,20
data0902\floor_display6\imdata_with_bbox,4,5,12,17
data0902\floor_display6\imdata_with_bbox,4,5,13,9
data0902\floor_display6\imdata_with_bbox,4,5,14,14
data0902\floor_display6\imdata_with_bbox,4,5,26,13
data0902\floor_display6\imdata_with_bbox,4,5,21,29
data0902\floor_display6\imdata_with_bbox,4,5,22,24
data0902\floor_display6\imdata_with_bbox,4,5,23,22
data0902\floor_display6\imdata_with_bbox,4,5,27,37
data0902\floor_display6\imdata_with_bbox,4,5,3,6
data0902\floor_display6\imdata_with_bbox,4,5,16,19
data0902\floor_display6\imdata_with_bbox,4,5,0,5
data0902\floor_display6\imdata_with_bbox,4,5,2,3
data0902\floor_display6\imdata_with_bbox,4,5,4,4
data0902\floor_display6\imdata_with_bbox,4,5,7,1
data0902\floor_display6\imdata_with_bbox,4,5,6,2
data0902\floor_display6\imdata_with_bbox,4,5,25,11
data0902\floor_display6\imdata_with_bbox,4,5,10,15
data0902\floor_display6\imdata_with_bbox,4,5,5,25
data0902\floor_display6\imdata_with_bbox,4,5,28,34
data0902\floor_display6\imdata_with_bbox,4,5,19,16
data0902\floor_display6\imdata_with_bbox,4,5,18,27
data0902\floor_display6\imdata_with_bbox,4,5,24,0
data0902\floor_display6\imdata_with_bbox,4,5,17,28
data0902\floor_display6\imdata_with_bbox,4,5,29,7
data0902\floor_display6\imdata_with_bbox,5,6,8,7
data0902\floor_display6\imdata_with_bbox,7,8,3,1
data0902\floor_display6\imdata_with_bbox,7,8,0,0
data0902\floor_display6\imdata_with_bbox,7,8,20,9
data0902\floor_display6\imdata_with_bbox,7,8,7,25
data0902\floor_display6\imdata_with_bbox,7,8,29,38
data0902\floor_display6\imdata_with_bbox,7,8,24,31
data0902\floor_display6\imdata_with_bbox,7,8,31,41
data0902\floor_display6\imdata_with_bbox,7,8,28,44
data0902\floor_display6\imdata_with_bbox,7,8,37,48
data0902\floor_display6\imdata_with_bbox,7,8,11,34
data0902\floor_display6\imdata_with_bbox,7,8,25,2
data0902\floor_display6\imdata_with_bbox,7,8,8,18
data0902\floor_display6\imdata_with_bbox,7,8,21,6
data0902\floor_display6\imdata_with_bbox,7,8,17,7
data0902\floor_display6\imdata_with_bbox,7,8,14,19
data0902\floor_display6\imdata_with_bbox,7,8,9,27
data0902\floor_display6\imdata_with_bbox,7,8,6,35
data0902\floor_display6\imdata_with_bbox,7,8,16,32
data0902\floor_display6\imdata_with_bbox,7,8,18,23
data0902\floor_display6\imdata_with_bbox,7,8,36,42
data0902\floor_display6\imdata_with_bbox,7,8,30,29
data0902\floor_display6\imdata_with_bbox,7,8,32,24
data0902\floor_display6\imdata_with_bbox,7,8,38,37
data0902\floor_display6\imdata_with_bbox,7,8,44,33
data0902\floor_display6\imdata_with_bbox,7,8,49,43
data0902\floor_display6\imdata_with_bbox,7,8,59,51
data0902\floor_display6\imdata_with_bbox,7,8,2,3
data0902\floor_display6\imdata_with_bbox,7,8,22,5
data0902\floor_display6\imdata_with_bbox,7,8,1,11
data0902\floor_display6\imdata_with_bbox,7,8,19,21
data0902\floor_display6\imdata_with_bbox,7,8,80,36
data0902\floor_display6\imdata_with_bbox,7,8,15,10
data0902\floor_display6\imdata_with_bbox,7,8,42,20
data0902\floor_display6\imdata_with_bbox,7,8,40,28
data0902\floor_display6\imdata_with_bbox,7,8,39,39
data0902\floor_display6\imdata_with_bbox,7,8,33,40
data0902\floor_display6\imdata_with_bbox,7,8,57,47
data0902\floor_display6\imdata_with_bbox,7,8,43,45
data0902\floor_display6\imdata_with_bbox,7,8,27,26
data0902\floor_display6\imdata_with_bbox,7,8,23,8
data0902\floor_display6\imdata_with_bbox,7,8,4,12
data0902\floor_display6\imdata_with_bbox,7,8,5,4
data0902\floor_display6\imdata_with_bbox,7,8,13,15
data0902\floor_display6\imdata_with_bbox,7,8,12,22
data0902\floor_display6\imdata_with_bbox,7,8,10,14
data0902\floor_display6\imdata_with_bbox,7,8,20,16
data0902\floor_display6\imdata_with_bbox,7,8,35,13
data0902\floor_display6\imdata_with_bbox,7,8,58,30
data0902\floor_display6\imdata_with_bbox,7,8,65,46
data0902\floor_display6\imdata_with_bbox,7,8,41,49
data0902\floor_display6\imdata_with_bbox,7,8,75,50
data0902\floor_display6\imdata_with_bbox,8,9,38,0
data0902\floor_display6\imdata_with_bbox,8,9,31,6
data0902\floor_display6\imdata_with_bbox,8,9,41,2
data0902\floor_display6\imdata_with_bbox,8,9,44,17
data0902\floor_display6\imdata_with_bbox,8,9,48,5
data0902\floor_display6\imdata_with_bbox,8,9,42,35
data0902\floor_display6\imdata_with_bbox,8,9,52,45
data0902\floor_display6\imdata_with_bbox,8,9,29,12
data0902\floor_display6\imdata_with_bbox,8,9,24,14
data0902\floor_display6\imdata_with_bbox,8,9,17,13
data0902\floor_display6\imdata_with_bbox,8,9,37,18
data0902\floor_display6\imdata_with_bbox,8,9,33,19
data0902\floor_display6\imdata_with_bbox,8,9,43,3
data0902\floor_display6\imdata_with_bbox,8,9,51,25
data0902\floor_display6\imdata_with_bbox,8,9,36,41
data0902\floor_display6\imdata_with_bbox,8,9,10,24
data0902\floor_display6\imdata_with_bbox,8,9,20,21
data0902\floor_display6\imdata_with_bbox,8,9,28,11
data0902\floor_display6\imdata_with_bbox,8,9,39,23
data0902\floor_display6\imdata_with_bbox,8,9,40,4
data0902\floor_display6\imdata_with_bbox,8,9,47,33
data0902\floor_display6\imdata_with_bbox,8,9,45,27
data0902\floor_display6\imdata_with_bbox,8,9,26,10
data0902\floor_display6\imdata_with_bbox,8,9,22,16
data0902\floor_display6\imdata_with_bbox,8,9,14,22
data0902\floor_display6\imdata_with_bbox,8,9,16,1
data0902\floor_display6\imdata_with_bbox,8,9,13,7
data0902\floor_display6\imdata_with_bbox,8,9,30,9
data0902\floor_display6\imdata_with_bbox,8,9,46,26
data0902\floor_display6\imdata_with_bbox,8,9,49,36
data0902\floor_display6\imdata_with_bbox,8,9,50,34
data0902\floor_display6\imdata_with_bbox,9,10,28,47
data0902\floor_display6\imdata_with_bbox,9,10,44,31
data0902\floor_display6\imdata_with_bbox,9,10,43,41
data0902\floor_display6\imdata_with_bbox,9,10,30,36
data0902\floor_display6\imdata_with_bbox,9,10,3,48
data0902\floor_display6\imdata_with_bbox,9,10,25,21
data0902\floor_display6\imdata_with_bbox,9,10,20,8
data0902\floor_display6\imdata_with_bbox,9,10,38,18
data0902\floor_display6\imdata_with_bbox,9,10,20,17
data0902\floor_display6\imdata_with_bbox,9,10,27,33
data0902\floor_display6\imdata_with_bbox,9,10,10,1
data0902\floor_display6\imdata_with_bbox,9,10,15,0
data0902\floor_display6\imdata_with_bbox,9,10,30,11
data0902\floor_display6\imdata_with_bbox,9,10,40,3
data0902\floor_display6\imdata_with_bbox,9,10,26,39
data0902\floor_display6\imdata_with_bbox,9,10,36,5
data0902\floor_display6\imdata_with_bbox,9,10,34,16
data0902\floor_display6\imdata_with_bbox,9,10,31,9
data0902\floor_display6\imdata_with_bbox,9,10,32,10
data0902\floor_display6\imdata_with_bbox,9,10,37,20
data0902\floor_display6\imdata_with_bbox,10,11,43,24
data0902\floor_display6\imdata_with_bbox,10,11,27,6
data0902\floor_display6\imdata_with_bbox,10,11,34,7
data0902\floor_display6\imdata_with_bbox,10,11,40,16
data0902\floor_display6\imdata_with_bbox,10,11,19,25
data0902\floor_display6\imdata_with_bbox,10,11,25,0
data0902\floor_display6\imdata_with_bbox,10,11,23,2
data0902\floor_display6\imdata_with_bbox,10,11,24,9
data0902\floor_display6\imdata_with_bbox,10,11,36,3
data0902\floor_display6\imdata_with_bbox,10,11,38,14
data0902\floor_display6\imdata_with_bbox,10,11,7,15
data0902\floor_display6\imdata_with_bbox,10,11,14,8
data0902\floor_display6\imdata_with_bbox,10,11,6,13
data0902\floor_display6\imdata_with_bbox,10,11,29,5
data0902\floor_display6\imdata_with_bbox,10,11,15,11
data0902\floor_display6\imdata_with_bbox,10,11,12,12
data0902\floor_display6\imdata_with_bbox,10,11,2,4
data0902\floor_display7\imdata_with_bbox,1,2,0,0
data0902\floor_display7\imdata_with_bbox,1,2,1,3
data0902\floor_display7\imdata_with_bbox,1,2,3,1
data0902\floor_display7\imdata_with_bbox,1,2,2,6
data0902\floor_display7\imdata_with_bbox,1,2,14,14
data0902\floor_display7\imdata_with_bbox,1,2,13,4
data0902\floor_display7\imdata_with_bbox,1,2,8,10
data0902\floor_display7\imdata_with_bbox,1,2,7,13
data0902\floor_display7\imdata_with_bbox,1,2,15,12
data0902\floor_display7\imdata_with_bbox,1,2,5,8
data0902\floor_display7\imdata_with_bbox,1,2,6,7
data0902\floor_display7\imdata_with_bbox,1,2,4,2
data0902\floor_display7\imdata_with_bbox,1,2,11,5
data0902\floor_display7\imdata_with_bbox,1,2,18,11
data0902\floor_display7\imdata_with_bbox,1,2,16,9
data0902\floor_display7\imdata_with_bbox,2,3,23,42
data0902\floor_display7\imdata_with_bbox,2,3,32,25
data0902\floor_display7\imdata_with_bbox,2,3,64,31
data0902\floor_display7\imdata_with_bbox,2,3,52,22
data0902\floor_display7\imdata_with_bbox,2,3,65,37
data0902\floor_display7\imdata_with_bbox,2,3,20,1
data0902\floor_display7\imdata_with_bbox,2,3,15,0
data0902\floor_display7\imdata_with_bbox,2,3,69,10
data0902\floor_display7\imdata_with_bbox,2,3,29,28
data0902\floor_display7\imdata_with_bbox,2,3,40,6
data0902\floor_display7\imdata_with_bbox,2,3,54,13
data0902\floor_display7\imdata_with_bbox,2,3,43,23
data0902\floor_display7\imdata_with_bbox,2,3,57,3
data0902\floor_display7\imdata_with_bbox,2,3,17,2
data0902\floor_display7\imdata_with_bbox,2,3,26,9
data0902\floor_display7\imdata_with_bbox,2,3,56,38
data0902\floor_display7\imdata_with_bbox,2,3,51,29
data0902\floor_display7\imdata_with_bbox,2,3,44,16
data0902\floor_display7\imdata_with_bbox,2,3,37,11
data0902\floor_display7\imdata_with_bbox,2,3,19,4
data0902\floor_display7\imdata_with_bbox,2,3,21,12
data0902\floor_display7\imdata_with_bbox,2,3,31,32
data0902\floor_display7\imdata_with_bbox,2,3,33,18
data0902\floor_display7\imdata_with_bbox,2,3,27,21
data0902\floor_display7\imdata_with_bbox,2,3,28,14
data0902\floor_display7\imdata_with_bbox,2,3,30,49
data0902\floor_display7\imdata_with_bbox,3,4,25,21
data0902\floor_display7\imdata_with_bbox,3,4,31,28
data0902\floor_display7\imdata_with_bbox,3,4,27,32
data0902\floor_display7\imdata_with_bbox,3,4,22,37
data0902\floor_display7\imdata_with_bbox,3,4,39,30
data0902\floor_display7\imdata_with_bbox,3,4,47,38
data0902\floor_display7\imdata_with_bbox,3,4,37,13
data0902\floor_display7\imdata_with_bbox,3,4,1,46
data0902\floor_display7\imdata_with_bbox,3,4,0,14
data0902\floor_display7\imdata_with_bbox,3,4,10,24
data0902\floor_display7\imdata_with_bbox,3,4,28,16
data0902\floor_display7\imdata_with_bbox,3,4,2,41
data0902\floor_display7\imdata_with_bbox,3,4,9,4
data0902\floor_display7\imdata_with_bbox,3,4,7,1
data0902\floor_display7\imdata_with_bbox,3,4,38,17
data0902\floor_display7\imdata_with_bbox,3,4,29,31
data0902\floor_display7\imdata_with_bbox,3,4,16,25
data0902\floor_display7\imdata_with_bbox,3,4,21,23
data0902\floor_display7\imdata_with_bbox,3,4,14,8
data0902\floor_display7\imdata_with_bbox,3,4,32,35
data0902\floor_display7\imdata_with_bbox,3,4,18,20
data0902\floor_display7\imdata_with_bbox,3,4,4,26
data0902\floor_display7\imdata_with_bbox,3,4,12,15
data0902\floor_display7\imdata_with_bbox,3,4,49,29
data0902\floor_display7\imdata_with_bbox,4,5,43,25
data0902\floor_display7\imdata_with_bbox,4,5,40,20
data0902\floor_display7\imdata_with_bbox,4,5,6,4
data0902\floor_display7\imdata_with_bbox,4,5,3,2
data0902\floor_display7\imdata_with_bbox,4,5,19,24
data0902\floor_display7\imdata_with_bbox,4,5,27,33
data0902\floor_display7\imdata_with_bbox,4,5,10,13
data0902\floor_display7\imdata_with_bbox,4,5,0,0
data0902\floor_display7\imdata_with_bbox,4,5,11,1
data0902\floor_display7\imdata_with_bbox,4,5,9,32
data0902\floor_display7\imdata_with_bbox,4,5,12,29
data0902\floor_display7\imdata_with_bbox,4,5,29,27
data0902\floor_display7\imdata_with_bbox,4,5,22,16
data0902\floor_display7\imdata_with_bbox,4,5,44,6
data0902\floor_display7\imdata_with_bbox,4,5,39,30
data0902\floor_display7\imdata_with_bbox,4,5,18,3
data0902\floor_display7\imdata_with_bbox,5,6,35,48
data0902\floor_display7\imdata_with_bbox,5,6,10,49
data0902\floor_display7\imdata_with_bbox,5,6,19,17
data0902\floor_display7\imdata_with_bbox,5,6,28,22
data0902\floor_display7\imdata_with_bbox,5,6,8,14
data0902\floor_display7\imdata_with_bbox,5,6,23,8
data0902\floor_display7\imdata_with_bbox,5,6,34,4
data0902\floor_display7\imdata_with_bbox,5,6,11,20
data0902\floor_display7\imdata_with_bbox,5,6,15,18
data0902\floor_display7\imdata_with_bbox,5,6,5,16
data0902\floor_display7\imdata_with_bbox,5,6,14,1
data0902\floor_display7\imdata_with_bbox,5,6,26,5
data0902\floor_display7\imdata_with_bbox,5,6,3,42
data0902\floor_display7\imdata_with_bbox,5,6,12,9
data0902\floor_display7\imdata_with_bbox,5,6,17,0
data0902\floor_display7\imdata_with_bbox,5,6,22,2
data0902\floor_display7\imdata_with_bbox,5,6,18,10
data0902\floor_display7\imdata_with_bbox,5,6,9,6
data0902\floor_display7\imdata_with_bbox,5,6,7,7
data0902\floor_display7\imdata_with_bbox,5,6,31,23
data0902\floor_display7\imdata_with_bbox,6,7,44,61
data0902\floor_display7\imdata_with_bbox,6,7,41,59
data0902\floor_display7\imdata_with_bbox,6,7,40,60
data0902\floor_display7\imdata_with_bbox,6,7,47,57
data0902\floor_display7\imdata_with_bbox,6,7,4,2
data0902\floor_display7\imdata_with_bbox,6,7,11,3
data0902\floor_display7\imdata_with_bbox,6,7,21,7
data0902\floor_display7\imdata_with_bbox,6,7,26,8
data0902\floor_display7\imdata_with_bbox,6,7,5,25
data0902\floor_display7\imdata_with_bbox,6,7,37,49
data0902\floor_display7\imdata_with_bbox,6,7,30,30
data0902\floor_display7\imdata_with_bbox,6,7,25,24
data0902\floor_display7\imdata_with_bbox,6,7,29,20
data0902\floor_display7\imdata_with_bbox,6,7,36,48
data0902\floor_display7\imdata_with_bbox,6,7,3,1
data0902\floor_display7\imdata_with_bbox,6,7,33,43
data0902\floor_display7\imdata_with_bbox,6,7,34,23
data0902\floor_display7\imdata_with_bbox,6,7,28,21
data0902\floor_display7\imdata_with_bbox,6,7,35,19
data0902\floor_display7\imdata_with_bbox,6,7,46,52
data0902\floor_display7\imdata_with_bbox,6,7,2,56
data0902\floor_display7\imdata_with_bbox,6,7,7,50
data0902\floor_display7\imdata_with_bbox,6,7,32,37
data0902\floor_display7\imdata_with_bbox,6,7,38,33
data0902\floor_display7\imdata_with_bbox,6,7,13,4
data0902\floor_display7\imdata_with_bbox,6,7,19,15
data0902\floor_display7\imdata_with_bbox,6,7,23,9
data0902\floor_display7\imdata_with_bbox,6,7,15,6
data0902\floor_display7\imdata_with_bbox,6,7,27,13
data0902\floor_display7\imdata_with_bbox,6,7,43,54
data0902\floor_display7\imdata_with_bbox,6,7,24,47
data0902\floor_display7\imdata_with_bbox,6,7,39,18
data0902\floor_display7\imdata_with_bbox,7,8,2,40
data0902\floor_display7\imdata_with_bbox,7,8,3,29
data0902\floor_display7\imdata_with_bbox,7,8,7,8
data0902\floor_display7\imdata_with_bbox,7,8,4,0
data0902\floor_display7\imdata_with_bbox,7,8,44,35
data0902\floor_display7\imdata_with_bbox,7,8,32,20
data0902\floor_display7\imdata_with_bbox,7,8,15,39
data0902\floor_display7\imdata_with_bbox,7,8,31,26
data0902\floor_display7\imdata_with_bbox,7,8,27,19
data0902\floor_display7\imdata_with_bbox,7,8,36,10
data0902\floor_display7\imdata_with_bbox,7,8,26,21
data0902\floor_display7\imdata_with_bbox,7,8,28,18
data0902\floor_display7\imdata_with_bbox,7,8,40,7
data0902\floor_display7\imdata_with_bbox,7,8,29,17
data0902\floor_display7\imdata_with_bbox,7,8,22,11
data0902\floor_display7\imdata_with_bbox,7,8,38,5
data0902\floor_display7\imdata_with_bbox,7,8,25,33
data0902\floor_display7\imdata_with_bbox,7,8,1,9
data0902\floor_display7\imdata_with_bbox,7,8,0,6
data0902\floor_display7\imdata_with_bbox,7,8,11,16
data0902\floor_display7\imdata_with_bbox,7,8,17,12
data0902\floor_display7\imdata_with_bbox,7,8,42,14
data0902\floor_display7\imdata_with_bbox,7,8,39,2
data0902\floor_display7\imdata_with_bbox,7,8,56,27
data0902\floor_display7\imdata_with_bbox,7,8,50,22
data0902\floor_display7\imdata_with_bbox,7,8,14,24
data0902\floor_display7\imdata_with_bbox,7,8,9,15
data0902\floor_display7\imdata_with_bbox,7,8,15,32
data0902\floor_display7\imdata_with_bbox,7,8,6,45
data0902\floor_display7\imdata_with_bbox,7,8,33,62
data0902\floor_display7\imdata_with_bbox,7,8,13,47
data0902\floor_display7\imdata_with_bbox,7,8,54,23
data0902\floor_display7\imdata_with_bbox,7,8,16,38
data0902\floor_display7\imdata_with_bbox,7,8,12,3
data0902\floor_display7\imdata_with_bbox,7,8,18,1
data0902\floor_display7\imdata_with_bbox,7,8,58,42
data0902\floor_display7\imdata_with_bbox,7,8,5,4
data0902\floor_display7\imdata_with_bbox,7,8,55,13
data0902\floor_display7\imdata_with_bbox,7,8,53,30
data0902\floor_display7\imdata_with_bbox,8,9,30,31
data0902\floor_display7\imdata_with_bbox,9,10,25,2
data0902\floor_display7\imdata_with_bbox,10,11,0,0
data0902\floor_display7\imdata_with_bbox,10,11,3,1
data0902\floor_display7\imdata_with_bbox,10,11,6,5
data0902\floor_display7\imdata_with_bbox,10,11,24,14
data0902\floor_display7\imdata_with_bbox,10,11,15,12
data0902\floor_display7\imdata_with_bbox,10,11,21,11
data0902\floor_display7\imdata_with_bbox,10,11,46,13
data0902\floor_display7\imdata_with_bbox,10,11,4,10
data0902\floor_display7\imdata_with_bbox,10,11,7,4
data0902\floor_display7\imdata_with_bbox,10,11,19,8
data0902\floor_display7\imdata_with_bbox,10,11,40,37
data0902\floor_display7\imdata_with_bbox,10,11,36,28
data0902\floor_display7\imdata_with_bbox,10,11,53,32
data0902\floor_display7\imdata_with_bbox,10,11,63,31
data0902\floor_display7\imdata_with_bbox,10,11,31,35
data0902\floor_display7\imdata_with_bbox,10,11,2,7
data0902\floor_display7\imdata_with_bbox,10,11,10,2
data0902\floor_display7\imdata_with_bbox,10,11,1,9
data0902\floor_display7\imdata_with_bbox,10,11,5,6
data0902\floor_display7\imdata_with_bbox,10,11,43,27
data0902\floor_display7\imdata_with_bbox,10,11,45,25
data0902\floor_display7\imdata_with_bbox,10,11,9,3
data0902\floor_display7\imdata_with_bbox,10,11,14,22
data0902\floor_display7\imdata_with_bbox,10,11,22,21
data0902\floor_display7\imdata_with_bbox,10,11,16,26
data0902\floor_display7\imdata_with_bbox,10,11,50,15
data0902\floor_display7\imdata_with_bbox,10,11,57,33
data0902\floor_display7\imdata_with_bbox,10,11,13,17
data0902\floor_display7\imdata_with_bbox,10,11,18,18
data0902\floor_display7\imdata_with_bbox,10,11,30,24
data0902\floor_display7\imdata_with_bbox,10,11,64,23
data0902\floor_display7\imdata_with_bbox,10,11,28,16
data0902\floor_display7\imdata_with_bbox,10,11,27,19
data0902\floor_display7\imdata_with_bbox,10,11,26,29
data0902\floor_display7\imdata_with_bbox,10,11,52,42
data0902\floor_display7\imdata_with_bbox,10,11,32,30
data0902\floor_display7\imdata_with_bbox,10,11,44,39
data0902\floor_display7\imdata_with_bbox,11,12,41,40
data0902\floor_display7\imdata_with_bbox,11,12,11,6
data0902\floor_display7\imdata_with_bbox,11,12,13,13
data0902\floor_display7\imdata_with_bbox,11,12,32,12
data0902\floor_display7\imdata_with_bbox,11,12,31,16
data0902\floor_display7\imdata_with_bbox,11,12,35,31
data0902\floor_display7\imdata_with_bbox,11,12,36,14
data0902\floor_display7\imdata_with_bbox,11,12,33,25
data0902\floor_display7\imdata_with_bbox,11,12,17,15
data0902\floor_display7\imdata_with_bbox,11,12,18,19
data0902\floor_display7\imdata_with_bbox,11,12,24,28
data0902\floor_display7\imdata_with_bbox,11,12,23,4
data0902\floor_display7\imdata_with_bbox,11,12,16,6
data0902\floor_display7\imdata_with_bbox,11,12,19,18
data0902\floor_display7\imdata_with_bbox,11,12,29,21
data0902\floor_display7\imdata_with_bbox,11,12,42,10
data0902\floor_display7\imdata_with_bbox,11,12,30,24
data0902\floor_display7\imdata_with_bbox,11,12,39,20
data0902\floor_display7\imdata_with_bbox,12,13,3,24
data0902\floor_display7\imdata_with_bbox,12,13,11,2
data0902\floor_display7\imdata_with_bbox,12,13,27,5
data0902\floor_display7\imdata_with_bbox,12,13,17,26
data0902\floor_display7\imdata_with_bbox,12,13,2,4
data0902\floor_display7\imdata_with_bbox,12,13,7,6
data0902\floor_display7\imdata_with_bbox,12,13,9,31
data0902\floor_display7\imdata_with_bbox,12,13,23,40
data0902\floor_display7\imdata_with_bbox,12,13,30,30
data0902\floor_display7\imdata_with_bbox,12,13,32,25
data0902\floor_display7\imdata_with_bbox,12,13,38,16
data0902\floor_display7\imdata_with_bbox,12,13,39,38
data0902\floor_display7\imdata_with_bbox,12,13,26,15
data0902\floor_display7\imdata_with_bbox,12,13,36,41
data0902\floor_display7\imdata_with_bbox,13,14,5,27
data0902\floor_display7\imdata_with_bbox,13,14,0,2
data0902\floor_display7\imdata_with_bbox,13,14,3,3
data0902\floor_display7\imdata_with_bbox,13,14,1,1
data0902\floor_display7\imdata_with_bbox,13,14,11,12
data0902\floor_display7\imdata_with_bbox,13,14,21,16
data0902\floor_display7\imdata_with_bbox,13,14,6,21
data0902\floor_display7\imdata_with_bbox,13,14,8,5
data0902\floor_display7\imdata_with_bbox,13,14,7,14
data0902\floor_display7\imdata_with_bbox,13,14,9,31
data0902\floor_display7\imdata_with_bbox,13,14,22,26
data0902\floor_display7\imdata_with_bbox,13,14,18,19
data0902\floor_display7\imdata_with_bbox,13,14,20,7
data0902\floor_display7\imdata_with_bbox,13,14,36,10
data0902\floor_display7\imdata_with_bbox,13,14,16,43
data0902\floor_display7\imdata_with_bbox,13,14,15,46
data0902\floor_display7\imdata_with_bbox,13,14,41,35
data0902\floor_display7\imdata_with_bbox,13,14,29,39
data0902\floor_display7\imdata_with_bbox,13,14,34,45
data0902\floor_display7\imdata_with_bbox,13,14,35,47
data0902\floor_display7\imdata_with_bbox,13,14,32,34
data0902\floor_display7\imdata_with_bbox,13,14,33,29
data0902\floor_display7\imdata_with_bbox,13,14,23,36
data0902\floor_display7\imdata_with_bbox,13,14,42,20
data0902\floor_display7\imdata_with_bbox,13,14,14,28
data0902\floor_display7\imdata_with_bbox,13,14,37,42
data0902\floor_display7\imdata_with_bbox,13,14,27,41
data0902\floor_display7\imdata_with_bbox,13,14,39,13
data0902\floor_display7\imdata_with_bbox,13,14,19,23
data0902\floor_display7\imdata_with_bbox,13,14,13,9
data0902\floor_display7\imdata_with_bbox,13,14,17,6
data0902\floor_display7\imdata_with_bbox,13,14,10,18
data0902\floor_display7\imdata_with_bbox,13,14,28,25
data0902\floor_display7\imdata_with_bbox,14,15,5,27
data0902\floor_display7\imdata_with_bbox,14,15,11,22
data0902\floor_display7\imdata_with_bbox,14,15,17,31
data0902\floor_display7\imdata_with_bbox,14,15,32,9
data0902\floor_display7\imdata_with_bbox,14,15,37,0
data0902\floor_display7\imdata_with_bbox,14,15,7,20
data0902\floor_display7\imdata_with_bbox,14,15,10,21
data0902\floor_display7\imdata_with_bbox,14,15,8,7
data0902\floor_display7\imdata_with_bbox,14,15,49,2
data0902\floor_display7\imdata_with_bbox,14,15,42,49
data0902\floor_display7\imdata_with_bbox,14,15,24,23
data0902\floor_display7\imdata_with_bbox,14,15,41,36
data0902\floor_display7\imdata_with_bbox,14,15,13,16
data0902\floor_display7\imdata_with_bbox,14,15,18,19
data0902\floor_display7\imdata_with_bbox,14,15,25,24
data0902\floor_display7\imdata_with_bbox,14,15,33,8
data0902\floor_display7\imdata_with_bbox,14,15,44,5
data0902\floor_display7\imdata_with_bbox,14,15,4,12
data0902\floor_display7\imdata_with_bbox,14,15,38,10
data0902\floor_display7\imdata_with_bbox,14,15,0,14
data0902\floor_display7\imdata_with_bbox,14,15,22,11
data0902\floor_display7\imdata_with_bbox,15,16,27,68
data0902\floor_display7\imdata_with_bbox,15,16,22,59
data0902\floor_display7\imdata_with_bbox,15,16,31,60
data0902\floor_display7\imdata_with_bbox,15,16,9,4
data0902\floor_display7\imdata_with_bbox,15,16,0,1
data0902\floor_display7\imdata_with_bbox,15,16,1,9
data0902\floor_display7\imdata_with_bbox,15,16,3,76
data0902\floor_display7\imdata_with_bbox,15,16,7,22
data0902\floor_display7\imdata_with_bbox,15,16,2,16
data0902\floor_display7\imdata_with_bbox,15,16,6,11
data0902\floor_display7\imdata_with_bbox,15,16,49,72
data0902\floor_display7\imdata_with_bbox,15,16,36,42
data0902\floor_display7\imdata_with_bbox,15,16,16,17
data0902\floor_display7\imdata_with_bbox,15,16,19,40
data0902\floor_display7\imdata_with_bbox,15,16,24,49
data0902\floor_display7\imdata_with_bbox,15,16,8,3
data0902\floor_display7\imdata_with_bbox,15,16,5,5
data0902\floor_display7\imdata_with_bbox,15,16,4,0
data0902\floor_display7\imdata_with_bbox,15,16,2,12
data0902\floor_display7\imdata_with_bbox,15,16,10,7
data0902\floor_display7\imdata_with_bbox,15,16,13,10
data0902\floor_display7\imdata_with_bbox,15,16,14,8
data0902\floor_display7\imdata_with_bbox,15,16,11,6
data0902\floor_display7\imdata_with_bbox,15,16,15,14
data0902\floor_display7\imdata_with_bbox,15,16,48,83
data0902\floor_display7\imdata_with_bbox,15,16,42,47
data0902\floor_display7\imdata_with_bbox,15,16,46,52
data0902\floor_display7\imdata_with_bbox,15,16,43,69
data0902\floor_display7\imdata_with_bbox,15,16,47,45
data0902\floor_display7\imdata_with_bbox,15,16,37,10
data0902\floor_display7\imdata_with_bbox,15,16,33,30
data0902\floor_display7\imdata_with_bbox,15,16,40,20
data0902\floor_display7\imdata_with_bbox,15,16,45,35
data0902\floor_display7\imdata_with_bbox,15,16,51,33
data0902\floor_display7\imdata_with_bbox,15,16,32,20
data0902\floor_display7\imdata_with_bbox,15,16,38,50
data0902\floor_display7\imdata_with_bbox,15,16,25,18
data0902\floor_display7\imdata_with_bbox,15,16,28,15
data0902\floor_display7\imdata_with_bbox,15,16,17,23
data0902\floor_display7\imdata_with_bbox,15,16,29,21
data0902\floor_display7\imdata_with_bbox,15,16,26,13
data0902\floor_display7\imdata_with_bbox,16,1,71,0
data0902\floor_display7\imdata_with_bbox,16,1,24,1
data0902\floor_display7\imdata_with_bbox,16,1,31,3
data0902\floor_display7\imdata_with_bbox,16,1,37,7
data0902\floor_display7\imdata_with_bbox,16,1,25,8
data0902\floor_display7\imdata_with_bbox,16,1,12,12
data0902\floor_display7\imdata_with_bbox,16,1,38,11
data0902\floor_display7\imdata_with_bbox,16,1,64,19
data0902\floor_display7\imdata_with_bbox,16,1,63,18
data0902\floor_display7\imdata_with_bbox,16,1,43,5
data0902\floor_display7\imdata_with_bbox,16,1,80,4
data0902\floor_display7\imdata_with_bbox,16,1,57,21
data0902\floor_display7\imdata_with_bbox,16,1,65,20
data0902\floor_display8\imdata_with_bbox,1,2,4,5
data0902\floor_display8\imdata_with_bbox,1,2,20,1
data0902\floor_display8\imdata_with_bbox,1,2,3,7
data0902\floor_display8\imdata_with_bbox,1,2,5,4
data0902\floor_display8\imdata_with_bbox,1,2,1,0
data0902\floor_display8\imdata_with_bbox,1,2,28,14
data0902\floor_display8\imdata_with_bbox,1,2,10,3
data0902\floor_display8\imdata_with_bbox,1,2,18,2
data0902\floor_display8\imdata_with_bbox,1,2,25,6
data0902\floor_display8\imdata_with_bbox,2,3,5,29
data0902\floor_display8\imdata_with_bbox,2,3,1,9
data0902\floor_display8\imdata_with_bbox,2,3,4,22
data0902\floor_display8\imdata_with_bbox,2,3,0,2
data0902\floor_display8\imdata_with_bbox,2,3,3,3
data0902\floor_display8\imdata_with_bbox,2,3,2,6
data0902\floor_display8\imdata_with_bbox,2,3,6,13
data0902\floor_display8\imdata_with_bbox,2,3,0,1
data0902\floor_display8\imdata_with_bbox,3,4,16,7
data0902\floor_display8\imdata_with_bbox,3,4,31,8
data0902\floor_display8\imdata_with_bbox,3,4,13,1
data0902\floor_display8\imdata_with_bbox,3,4,5,3
data0902\floor_display8\imdata_with_bbox,3,4,1,0
data0902\floor_display8\imdata_with_bbox,3,4,0,2
data0902\floor_display8\imdata_with_bbox,3,4,34,45
data0902\floor_display8\imdata_with_bbox,3,4,7,15
data0902\floor_display8\imdata_with_bbox,3,4,18,17
data0902\floor_display8\imdata_with_bbox,3,4,20,28
data0902\floor_display8\imdata_with_bbox,3,4,11,11
data0902\floor_display8\imdata_with_bbox,3,4,4,6
data0902\floor_display8\imdata_with_bbox,3,4,8,4
data0902\floor_display8\imdata_with_bbox,3,4,10,9
data0902\floor_display8\imdata_with_bbox,3,4,15,16
data0902\floor_display8\imdata_with_bbox,3,4,12,10
data0902\floor_display8\imdata_with_bbox,3,4,14,5
data0902\floor_display8\imdata_with_bbox,3,4,17,14
data0902\floor_display8\imdata_with_bbox,3,4,30,13
data0902\floor_display8\imdata_with_bbox,3,4,19,19
data0902\floor_display8\imdata_with_bbox,3,4,27,18
data0902\floor_display8\imdata_with_bbox,3,4,12,20
data0902\floor_display8\imdata_with_bbox,3,4,28,26
data0902\floor_display8\imdata_with_bbox,3,4,14,23
data0902\floor_display8\imdata_with_bbox,3,4,26,27
data0902\floor_display8\imdata_with_bbox,3,4,17,29
data0902\floor_display8\imdata_with_bbox,3,4,33,25
data0902\floor_display8\imdata_with_bbox,3,4,44,34
data0902\floor_display8\imdata_with_bbox,3,4,30,31
data0902\floor_display8\imdata_with_bbox,4,5,7,28
data0902\floor_display8\imdata_with_bbox,4,5,1,2
data0902\floor_display8\imdata_with_bbox,4,5,0,126
data0902\floor_display8\imdata_with_bbox,4,5,3,34
data0902\floor_display8\imdata_with_bbox,4,5,15,11
data0902\floor_display8\imdata_with_bbox,4,5,11,5
data0902\floor_display8\imdata_with_bbox,4,5,6,10
data0902\floor_display8\imdata_with_bbox,4,5,4,4
data0902\floor_display8\imdata_with_bbox,4,5,9,15
data0902\floor_display8\imdata_with_bbox,4,5,17,22
data0902\floor_display8\imdata_with_bbox,4,5,16,9
data0902\floor_display8\imdata_with_bbox,4,5,10,35
data0902\floor_display8\imdata_with_bbox,4,5,5,1
data0902\floor_display8\imdata_with_bbox,4,5,13,12
data0902\floor_display8\imdata_with_bbox,4,5,28,117
data0902\floor_display8\imdata_with_bbox,4,5,32,112
data0902\floor_display8\imdata_with_bbox,4,5,19,30
data0902\floor_display8\imdata_with_bbox,4,5,18,97
data0902\floor_display8\imdata_with_bbox,4,5,24,3
data0902\floor_display8\imdata_with_bbox,4,5,30,0
data0902\floor_display8\imdata_with_bbox,4,5,23,33
data0902\floor_display8\imdata_with_bbox,4,5,27,68
data0902\floor_display8\imdata_with_bbox,5,6,112,34
data0902\floor_display8\imdata_with_bbox,5,6,19,26
data0902\floor_display8\imdata_with_bbox,5,6,3,3
data0902\floor_display8\imdata_with_bbox,5,6,0,9
data0902\floor_display8\imdata_with_bbox,5,6,27,0
data0902\floor_display8\imdata_with_bbox,5,6,6,1
data0902\floor_display8\imdata_with_bbox,5,6,7,4
data0902\floor_display8\imdata_with_bbox,5,6,8,8
data0902\floor_display8\imdata_with_bbox,5,6,21,17
data0902\floor_display8\imdata_with_bbox,5,6,20,24
data0902\floor_display8\imdata_with_bbox,5,6,31,6
data0902\floor_display8\imdata_with_bbox,5,6,14,11
data0902\floor_display8\imdata_with_bbox,5,6,13,5
data0902\floor_display8\imdata_with_bbox,5,6,17,10
data0902\floor_display8\imdata_with_bbox,5,6,16,33
data0902\floor_display8\imdata_with_bbox,5,6,18,30
data0902\floor_display8\imdata_with_bbox,5,6,28,28
data0902\floor_display8\imdata_with_bbox,6,7,34,31
data0902\floor_display8\imdata_with_bbox,6,7,3,25
data0902\floor_display8\imdata_with_bbox,6,7,9,15
data0902\floor_display8\imdata_with_bbox,6,7,14,18
data0902\floor_display8\imdata_with_bbox,6,7,15,10
data0902\floor_display8\imdata_with_bbox,6,7,20,24
data0902\floor_display8\imdata_with_bbox,6,7,25,33
data0902\floor_display8\imdata_with_bbox,6,7,27,35
data0902\floor_display8\imdata_with_bbox,6,7,26,30
data0902\floor_display8\imdata_with_bbox,6,7,0,28
data0902\floor_display8\imdata_with_bbox,6,7,1,21
data0902\floor_display8\imdata_with_bbox,6,7,4,4
data0902\floor_display8\imdata_with_bbox,6,7,7,13
data0902\floor_display8\imdata_with_bbox,6,7,13,7
data0902\floor_display8\imdata_with_bbox,6,7,17,17
data0902\floor_display8\imdata_with_bbox,6,7,24,39
data0902\floor_display8\imdata_with_bbox,6,7,35,32
data0902\floor_display8\imdata_with_bbox,6,7,6,4
data0902\floor_display8\imdata_with_bbox,6,7,11,0
data0902\floor_display8\imdata_with_bbox,6,7,10,11
data0902\floor_display8\imdata_with_bbox,6,7,33,34
data0902\floor_display8\imdata_with_bbox,6,7,32,36
data0902\floor_display8\imdata_with_bbox,7,8,1,41
data0902\floor_display8\imdata_with_bbox,7,8,42,23
data0902\floor_display8\imdata_with_bbox,7,8,41,22
data0902\floor_display8\imdata_with_bbox,7,8,38,18
data0902\floor_display8\imdata_with_bbox,7,8,11,15
data0902\floor_display8\imdata_with_bbox,7,8,36,34
data0902\floor_display8\imdata_with_bbox,7,8,26,33
data0902\floor_display8\imdata_with_bbox,7,8,23,21
data0902\floor_display8\imdata_with_bbox,7,8,9,12
data0902\floor_display8\imdata_with_bbox,7,8,8,14
data0902\floor_display8\imdata_with_bbox,7,8,14,4
data0902\floor_display8\imdata_with_bbox,7,8,6,6
data0902\floor_display8\imdata_with_bbox,7,8,20,7
data0902\floor_display8\imdata_with_bbox,7,8,27,11
data0902\floor_display8\imdata_with_bbox,7,8,12,5
data0902\floor_display8\imdata_with_bbox,7,8,19,8
data0902\floor_display8\imdata_with_bbox,7,8,16,3
data0902\floor_display8\imdata_with_bbox,7,8,29,9
data0902\floor_display8\imdata_with_bbox,7,8,22,25
data0902\floor_display8\imdata_with_bbox,7,8,5,0
data0902\floor_display8\imdata_with_bbox,7,8,3,2
data0902\floor_display8\imdata_with_bbox,7,8,2,1
data0902\floor_display8\imdata_with_bbox,8,1,33,13
data0902\floor_display8\imdata_with_bbox,8,1,21,21
data0902\floor_display8\imdata_with_bbox,8,1,12,11
data0902\floor_display8\imdata_with_bbox,8,1,14,6
data0902\floor_display8\imdata_with_bbox,8,1,4,16
data0902\floor_display8\imdata_with_bbox,8,1,6,8
data0902\floor_display8\imdata_with_bbox,8,1,7,12
data0902\floor_display8\imdata_with_bbox,8,1,8,9
data0902\floor_display8\imdata_with_bbox,8,1,13,14
data0902\floor_display8\imdata_with_bbox,8,1,5,7
data0902\floor_display8\imdata_with_bbox,8,1,3,17
data0902\floor_display8\imdata_with_bbox,8,1,9,15
data0902\floor_display8\imdata_with_bbox,8,1,25,4
data0902\floor_display8\imdata_with_bbox,8,1,0,2
data0902\floor_display8\imdata_with_bbox,8,1,2,0
data0902\floor_display8\imdata_with_bbox,8,1,1,3
data0902\floor_display9\imdata_with_bbox,1,2,15,18
data0902\floor_display9\imdata_with_bbox,1,2,16,60
data0902\floor_display9\imdata_with_bbox,1,2,12,54
data0902\floor_display9\imdata_with_bbox,1,2,72,16
data0902\floor_display9\imdata_with_bbox,1,2,8,56
data0902\floor_display9\imdata_with_bbox,1,2,56,47
data0902\floor_display9\imdata_with_bbox,1,2,36,29
data0902\floor_display9\imdata_with_bbox,1,2,44,41
data0902\floor_display9\imdata_with_bbox,1,2,39,43
data0902\floor_display9\imdata_with_bbox,1,2,45,30
data0902\floor_display9\imdata_with_bbox,1,2,32,33
data0902\floor_display9\imdata_with_bbox,1,2,30,25
data0902\floor_display9\imdata_with_bbox,1,2,40,28
data0902\floor_display9\imdata_with_bbox,1,2,47,45
data0902\floor_display9\imdata_with_bbox,1,2,41,37
data0902\floor_display9\imdata_with_bbox,1,2,61,34
data0902\floor_display9\imdata_with_bbox,1,2,37,36
data0902\floor_display9\imdata_with_bbox,1,2,63,50
data0902\floor_display9\imdata_with_bbox,1,2,64,62
data0902\floor_display9\imdata_with_bbox,1,2,49,48
data0902\floor_display9\imdata_with_bbox,1,2,67,52
data0902\floor_display9\imdata_with_bbox,1,2,57,65
data0902\floor_display9\imdata_with_bbox,1,2,52,53
data0902\floor_display9\imdata_with_bbox,1,2,17,58
data0902\floor_display9\imdata_with_bbox,1,2,20,46
data0902\floor_display9\imdata_with_bbox,1,2,14,49
data0902\floor_display9\imdata_with_bbox,1,2,38,27
data0902\floor_display9\imdata_with_bbox,1,2,35,42
data0902\floor_display9\imdata_with_bbox,1,2,34,44
data0902\floor_display9\imdata_with_bbox,1,2,11,35
data0902\floor_display9\imdata_with_bbox,1,2,2,40
data0902\floor_display9\imdata_with_bbox,1,2,13,61
data0902\floor_display9\imdata_with_bbox,1,2,31,55
data0902\floor_display9\imdata_with_bbox,1,2,7,39
data0902\floor_display9\imdata_with_bbox,1,2,9,21
data0902\floor_display9\imdata_with_bbox,1,2,33,63
data0902\floor_display9\imdata_with_bbox,1,2,22,31
data0902\floor_display9\imdata_with_bbox,1,2,5,23
data0902\floor_display9\imdata_with_bbox,2,3,4,2
data0902\floor_display9\imdata_with_bbox,2,3,10,49
data0902\floor_display9\imdata_with_bbox,2,3,20,23
data0902\floor_display9\imdata_with_bbox,2,3,13,30
data0902\floor_display9\imdata_with_bbox,2,3,12,8
data0902\floor_display9\imdata_with_bbox,2,3,8,6
data0902\floor_display9\imdata_with_bbox,2,3,2,7
data0902\floor_display9\imdata_with_bbox,2,3,0,3
data0902\floor_display9\imdata_with_bbox,2,3,7,9
data0902\floor_display9\imdata_with_bbox,2,3,15,4
data0902\floor_display9\imdata_with_bbox,2,3,9,25
data0902\floor_display9\imdata_with_bbox,2,3,11,33
data0902\floor_display9\imdata_with_bbox,2,3,6,0
data0902\floor_display9\imdata_with_bbox,2,3,3,5
data0902\floor_display9\imdata_with_bbox,2,3,1,36
data0902\floor_display9\imdata_with_bbox,2,3,19,65
data0902\floor_display9\imdata_with_bbox,2,3,59,18
data0902\floor_display9\imdata_with_bbox,2,3,14,46
data0902\floor_display9\imdata_with_bbox,2,3,60,26
data0902\floor_display9\imdata_with_bbox,2,3,5,61
data0902\floor_display9\imdata_with_bbox,2,3,57,55
data0902\floor_display9\imdata_with_bbox,2,3,26,50
data0902\floor_display9\imdata_with_bbox,2,3,38,41
data0902\floor_display9\imdata_with_bbox,2,3,54,32
data0902\floor_display9\imdata_with_bbox,2,3,16,19
data0902\floor_display9\imdata_with_bbox,2,3,56,39
data0902\floor_display9\imdata_with_bbox,3,4,63,270
data0902\floor_display9\imdata_with_bbox,3,4,60,38
data0902\floor_display9\imdata_with_bbox,3,4,53,7
data0902\floor_display9\imdata_with_bbox,3,4,37,16
data0902\floor_display9\imdata_with_bbox,3,4,56,15
data0902\floor_display9\imdata_with_bbox,3,4,52,29
data0902\floor_display9\imdata_with_bbox,3,4,20,20
data0902\floor_display9\imdata_with_bbox,3,4,43,8
data0902\floor_display9\imdata_with_bbox,3,4,29,26
data0902\floor_display9\imdata_with_bbox,3,4,28,24
data0902\floor_display9\imdata_with_bbox,3,4,47,9
data0902\floor_display9\imdata_with_bbox,3,4,45,30
data0902\floor_display9\imdata_with_bbox,3,4,18,17
data0902\floor_display9\imdata_with_bbox,3,4,42,10
data0902\floor_display9\imdata_with_bbox,3,4,48,31
data0902\floor_display9\imdata_with_bbox,3,4,13,14
data0902\floor_display9\imdata_with_bbox,3,4,44,47
data0902\floor_display9\imdata_with_bbox,3,4,31,162
data0902\floor_display9\imdata_with_bbox,3,4,17,0
data0902\floor_display9\imdata_with_bbox,3,4,7,18
data0902\floor_display9\imdata_with_bbox,3,4,27,27
data0902\floor_display9\imdata_with_bbox,3,4,4,22
data0902\floor_display9\imdata_with_bbox,3,4,1,2
data0902\floor_display9\imdata_with_bbox,3,4,0,28
data0902\floor_display9\imdata_with_bbox,4,5,36,80
data0902\floor_display9\imdata_with_bbox,4,5,21,62
data0902\floor_display9\imdata_with_bbox,4,5,1,43
data0902\floor_display9\imdata_with_bbox,4,5,12,22
data0902\floor_display9\imdata_with_bbox,4,5,217,18
data0902\floor_display9\imdata_with_bbox,4,5,270,46
data0902\floor_display9\imdata_with_bbox,4,5,142,73
data0902\floor_display9\imdata_with_bbox,4,5,16,23
data0902\floor_display9\imdata_with_bbox,4,5,121,70
data0902\floor_display9\imdata_with_bbox,4,5,249,65
data0902\floor_display9\imdata_with_bbox,4,5,20,20
data0902\floor_display9\imdata_with_bbox,4,5,26,31
data0902\floor_display9\imdata_with_bbox,4,5,216,67
data0902\floor_display9\imdata_with_bbox,4,5,24,57
data0902\floor_display9\imdata_with_bbox,4,5,30,89
data0902\floor_display9\imdata_with_bbox,5,6,52,25
data0902\floor_display9\imdata_with_bbox,5,6,66,15
data0902\floor_display9\imdata_with_bbox,5,6,40,19
data0902\floor_display9\imdata_with_bbox,5,6,29,22
data0902\floor_display9\imdata_with_bbox,5,6,26,21
data0902\floor_display9\imdata_with_bbox,5,6,15,0
data0902\floor_display9\imdata_with_bbox,5,6,54,17
data0902\floor_display9\imdata_with_bbox,5,6,10,20
data0902\floor_display9\imdata_with_bbox,5,6,7,14
data0902\floor_display9\imdata_with_bbox,5,6,5,13
data0902\floor_display9\imdata_with_bbox,5,6,2,11
data0902\floor_display9\imdata_with_bbox,5,6,12,12
data0902\floor_display9\imdata_with_bbox,5,6,6,9
data0902\floor_display9\imdata_with_bbox,5,6,0,5
data0902\floor_display9\imdata_with_bbox,5,6,3,2
data0902\floor_display9\imdata_with_bbox,5,6,1,3
data0902\floor_display9\imdata_with_bbox,5,6,4,8
data0902\floor_display9\imdata_with_bbox,5,6,9,10
data0902\floor_display9\imdata_with_bbox,5,6,11,4
data0902\floor_display9\imdata_with_bbox,5,6,19,16
data0902\floor_display9\imdata_with_bbox,5,6,17,6
data0902\floor_display9\imdata_with_bbox,5,6,8,1
data0902\floor_display9\imdata_with_bbox,5,6,16,7
data0902\floor_display9\imdata_with_bbox,5,6,37,68
data0902\floor_display9\imdata_with_bbox,5,6,47,54
data0902\floor_display9\imdata_with_bbox,5,6,21,32
data0902\floor_display9\imdata_with_bbox,5,6,23,58
data0902\floor_display9\imdata_with_bbox,5,6,34,34
data0902\floor_display9\imdata_with_bbox,5,6,13,65
data0902\floor_display9\imdata_with_bbox,5,6,20,56
data0902\floor_display9\imdata_with_bbox,5,6,31,59
data0902\floor_display9\imdata_with_bbox,5,6,57,44
data0902\floor_display9\imdata_with_bbox,5,6,70,51
data0902\floor_display9\imdata_with_bbox,5,6,89,70
data0902\floor_display9\imdata_with_bbox,6,7,25,76
data0902\floor_display9\imdata_with_bbox,6,7,15,47
data0902\floor_display9\imdata_with_bbox,6,7,24,44
data0902\floor_display9\imdata_with_bbox,6,7,64,73
data0902\floor_display9\imdata_with_bbox,6,7,27,26
data0902\floor_display9\imdata_with_bbox,6,7,66,68
data0902\floor_display9\imdata_with_bbox,6,7,26,62
data0902\floor_display9\imdata_with_bbox,6,7,18,22
data0902\floor_display9\imdata_with_bbox,6,7,22,30
data0902\floor_display9\imdata_with_bbox,6,7,21,35
data0902\floor_display9\imdata_with_bbox,6,7,23,43
data0902\floor_display9\imdata_with_bbox,6,7,0,80
data0902\floor_display9\imdata_with_bbox,6,7,17,70
data0902\floor_display9\imdata_with_bbox,7,8,0,34
data0902\floor_display9\imdata_with_bbox,7,8,4,38
data0902\floor_display9\imdata_with_bbox,7,8,7,22
data0902\floor_display9\imdata_with_bbox,7,8,15,30
data0902\floor_display9\imdata_with_bbox,7,8,76,58
data0902\floor_display9\imdata_with_bbox,7,8,45,32
data0902\floor_display9\imdata_with_bbox,7,8,23,21
data0902\floor_display9\imdata_with_bbox,7,8,19,15
data0902\floor_display9\imdata_with_bbox,7,8,24,17
data0902\floor_display9\imdata_with_bbox,7,8,56,31
data0902\floor_display9\imdata_with_bbox,7,8,44,9
data0902\floor_display9\imdata_with_bbox,7,8,32,6
data0902\floor_display9\imdata_with_bbox,7,8,6,4
data0902\floor_display9\imdata_with_bbox,7,8,12,1
data0902\floor_display9\imdata_with_bbox,7,8,61,23
data0902\floor_display9\imdata_with_bbox,7,8,63,13
data0902\floor_display9\imdata_with_bbox,7,8,2,7
data0902\floor_display9\imdata_with_bbox,7,8,1,2
data0902\floor_display9\imdata_with_bbox,7,8,20,3
data0902\floor_display9\imdata_with_bbox,7,8,5,8
data0902\floor_display9\imdata_with_bbox,7,8,0,5
data0902\floor_display9\imdata_with_bbox,7,8,11,0
data0902\floor_display9\imdata_with_bbox,8,1,16,15
data0902\floor_display9\imdata_with_bbox,8,1,28,19
data0902\floor_display9\imdata_with_bbox,8,1,19,18
data0902\floor_display9\imdata_with_bbox,8,1,27,23
data0902\floor_display9\imdata_with_bbox,8,1,33,25
data0902\floor_display9\imdata_with_bbox,8,1,20,16
data0902\floor_display9\imdata_with_bbox,8,1,14,3
data0902\floor_display9\imdata_with_bbox,8,1,25,6
data0902\floor_display9\imdata_with_bbox,8,1,26,46
data0902\floor_display9\imdata_with_bbox,8,1,12,0
data0902\floor_display9\imdata_with_bbox,8,1,11,4
data0902\floor_display9\imdata_with_bbox,8,1,10,12
data0902\floor_display9\imdata_with_bbox,8,1,42,69
data0902\floor_display9\imdata_with_bbox,8,1,40,62
data0902\floor_display9\imdata_with_bbox,8,1,18,8
data0902\floor_display9\imdata_with_bbox,8,1,24,1
data0902\floor_display9\imdata_with_bbox,8,1,29,10
data0902\floor_display9\imdata_with_bbox,8,1,39,77
data0902\floor_display9\imdata_with_bbox,8,1,36,26
data0902\floor_display9\imdata_with_bbox,8,1,41,43
data0902\floor_display9\imdata_with_bbox,8,1,47,66
data0902\floor_display9\imdata_with_bbox,8,1,43,74
data0902\floor_display9\imdata_with_bbox,8,1,35,70
data0902\floor_display9\imdata_with_bbox,8,1,34,14
data0902\floor_display9\imdata_with_bbox,8,1,38,42
data0902\floor_display9\imdata_with_bbox,8,1,22,58
data0902\floor_display9\imdata_with_bbox,8,1,30,65
data0902\floor_display9\imdata_with_bbox,8,1,32,34
data0902\floor_display9\imdata_with_bbox,8,1,21,24
data0902\floor_display9\imdata_with_bbox,8,1,15,51
data0902\floor_display9\imdata_with_bbox,8,1,17,59
data0902\floor_display9\imdata_with_bbox,8,1,31,55
data0902\floor_display9\imdata_with_bbox,8,1,6,2
data0902\floor_display9\imdata_with_bbox,8,1,4,13
data0902\floor_display9\imdata_with_bbox,8,1,1,28
data0902\floor_display9\imdata_with_bbox,8,1,7,9
data0902\floor_display9\imdata_with_bbox,8,1,2,48
data0902\floor_display9\imdata_with_bbox,8,1,3,50
data0902\floor_display9\imdata_with_bbox,8,1,8,5
data0902\floor_display9\imdata_with_bbox,8,1,5,29
data0902\floor_display9\imdata_with_bbox,8,1,0,71
data0902\floor_display10\imdata_with_bbox,1,2,6,17
data0902\floor_display10\imdata_with_bbox,1,2,8,9
data0902\floor_display10\imdata_with_bbox,1,2,9,8
data0902\floor_display10\imdata_with_bbox,1,2,11,4
data0902\floor_display10\imdata_with_bbox,1,2,0,15
data0902\floor_display10\imdata_with_bbox,1,2,4,0
data0902\floor_display10\imdata_with_bbox,1,2,1,3
data0902\floor_display10\imdata_with_bbox,1,2,2,2
data0902\floor_display10\imdata_with_bbox,1,2,7,3
data0902\floor_display10\imdata_with_bbox,1,2,3,2
data0902\floor_display10\imdata_with_bbox,1,2,5,5
data0902\floor_display10\imdata_with_bbox,1,2,10,7
data0902\floor_display10\imdata_with_bbox,2,3,0,3
data0902\floor_display10\imdata_with_bbox,2,3,22,7
data0902\floor_display10\imdata_with_bbox,2,3,11,10
data0902\floor_display10\imdata_with_bbox,2,3,1,9
data0902\floor_display10\imdata_with_bbox,2,3,14,2
data0902\floor_display10\imdata_with_bbox,2,3,13,6
data0902\floor_display10\imdata_with_bbox,2,3,2,5
data0902\floor_display10\imdata_with_bbox,2,3,12,0
data0902\floor_display10\imdata_with_bbox,2,3,7,11
data0902\floor_display10\imdata_with_bbox,2,3,16,1
data0902\floor_display10\imdata_with_bbox,2,3,10,4
data0902\floor_display10\imdata_with_bbox,3,4,3,3
data0902\floor_display10\imdata_with_bbox,3,4,7,11
data0902\floor_display10\imdata_with_bbox,3,4,9,6
data0902\floor_display10\imdata_with_bbox,3,4,2,8
data0902\floor_display10\imdata_with_bbox,3,4,6,0
data0902\floor_display10\imdata_with_bbox,3,4,5,7
data0902\floor_display10\imdata_with_bbox,3,4,8,10
data0902\floor_display10\imdata_with_bbox,3,4,0,4
data0902\floor_display10\imdata_with_bbox,3,4,11,9
data0902\floor_display10\imdata_with_bbox,3,4,1,5
data0902\floor_display10\imdata_with_bbox,3,4,4,1
data0902\floor_display10\imdata_with_bbox,4,5,24,3
data0902\floor_display10\imdata_with_bbox,4,5,15,0
data0902\floor_display10\imdata_with_bbox,4,5,0,9
data0902\floor_display10\imdata_with_bbox,4,5,16,2
data0902\floor_display10\imdata_with_bbox,4,5,12,1
data0902\floor_display10\imdata_with_bbox,4,5,4,5
data0902\floor_display10\imdata_with_bbox,4,5,22,4
data0902\floor_display10\imdata_with_bbox,4,5,1,7
data0902\floor_display10\imdata_with_bbox,4,5,25,10
data0902\floor_display10\imdata_with_bbox,5,6,11,12
data0902\floor_display10\imdata_with_bbox,5,6,3,10
data0902\floor_display10\imdata_with_bbox,5,6,0,1
data0902\floor_display10\imdata_with_bbox,5,6,9,6
data0902\floor_display10\imdata_with_bbox,5,6,2,8
data0902\floor_display10\imdata_with_bbox,5,6,1,0
data0902\floor_display10\imdata_with_bbox,5,6,5,9
data0902\floor_display10\imdata_with_bbox,5,6,6,4
data0902\floor_display10\imdata_with_bbox,5,6,4,3
data0902\floor_display10\imdata_with_bbox,5,6,7,5
data0902\floor_display10\imdata_with_bbox,5,6,8,7
data0902\floor_display10\imdata_with_bbox,5,6,10,2
data0902\floor_display10\imdata_with_bbox,6,7,1,4
data0902\floor_display10\imdata_with_bbox,6,7,60,10
data0902\floor_display10\imdata_with_bbox,6,7,0,7
data0902\floor_display10\imdata_with_bbox,6,7,30,1
data0902\floor_display10\imdata_with_bbox,6,7,3,6
data0902\floor_display10\imdata_with_bbox,6,7,27,11
data0902\floor_display10\imdata_with_bbox,6,7,20,0
data0902\floor_display10\imdata_with_bbox,6,7,2,2
data0902\floor_display10\imdata_with_bbox,6,7,49,8
data0902\floor_display10\imdata_with_bbox,7,1,3,6
data0902\floor_display10\imdata_with_bbox,7,1,1,8
data0902\floor_display10\imdata_with_bbox,7,1,0,9
data0902\floor_display10\imdata_with_bbox,7,1,8,11
data0902\floor_display11\imdata_with_bbox,1,2,9,10
data0902\floor_display11\imdata_with_bbox,1,2,4,5
data0902\floor_display11\imdata_with_bbox,1,2,2,2
data0902\floor_display11\imdata_with_bbox,1,2,5,4
data0902\floor_display11\imdata_with_bbox,1,2,0,8
data0902\floor_display11\imdata_with_bbox,1,2,7,25
data0902\floor_display11\imdata_with_bbox,1,2,1,6
data0902\floor_display11\imdata_with_bbox,1,2,18,7
data0902\floor_display11\imdata_with_bbox,1,2,3,9
data0902\floor_display11\imdata_with_bbox,1,2,30,22
data0902\floor_display11\imdata_with_bbox,1,2,31,26
data0902\floor_display11\imdata_with_bbox,1,2,29,23
data0902\floor_display11\imdata_with_bbox,1,2,8,24
data0902\floor_display11\imdata_with_bbox,1,2,20,16
data0902\floor_display11\imdata_with_bbox,1,2,19,15
data0902\floor_display11\imdata_with_bbox,1,2,6,18
data0902\floor_display11\imdata_with_bbox,1,2,24,13
data0902\floor_display11\imdata_with_bbox,1,2,16,10
data0902\floor_display11\imdata_with_bbox,1,2,37,19
data0902\floor_display11\imdata_with_bbox,2,3,11,5
data0902\floor_display11\imdata_with_bbox,2,3,5,2
data0902\floor_display11\imdata_with_bbox,2,3,2,6
data0902\floor_display11\imdata_with_bbox,2,3,4,8
data0902\floor_display11\imdata_with_bbox,2,3,8,12
data0902\floor_display11\imdata_with_bbox,2,3,12,4
data0902\floor_display11\imdata_with_bbox,2,3,14,10
data0902\floor_display11\imdata_with_bbox,2,3,21,18
data0902\floor_display11\imdata_with_bbox,2,3,20,37
data0902\floor_display11\imdata_with_bbox,2,3,25,28
data0902\floor_display11\imdata_with_bbox,2,3,6,7
data0902\floor_display11\imdata_with_bbox,2,3,7,23
data0902\floor_display11\imdata_with_bbox,2,3,9,3
data0902\floor_display11\imdata_with_bbox,2,3,22,24
data0902\floor_display11\imdata_with_bbox,2,3,1,1
data0902\floor_display11\imdata_with_bbox,2,3,24,9
data0902\floor_display11\imdata_with_bbox,2,3,18,13
data0902\floor_display11\imdata_with_bbox,2,3,13,22
data0902\floor_display11\imdata_with_bbox,2,3,10,11
data0902\floor_display11\imdata_with_bbox,2,3,17,15
data0902\floor_display11\imdata_with_bbox,2,3,19,17
data0902\floor_display11\imdata_with_bbox,5,6,0,41
data0902\floor_display11\imdata_with_bbox,5,6,1,17
data0902\floor_display11\imdata_with_bbox,5,6,48,19
data0902\floor_display11\imdata_with_bbox,5,6,65,36
data0902\floor_display11\imdata_with_bbox,5,6,2,12
data0902\floor_display11\imdata_with_bbox,5,6,41,31
data0902\floor_display11\imdata_with_bbox,5,6,66,61
data0902\floor_display11\imdata_with_bbox,5,6,11,50
data0902\floor_display11\imdata_with_bbox,5,6,22,55
data0902\floor_display11\imdata_with_bbox,5,6,33,43
data0902\floor_display11\imdata_with_bbox,5,6,24,35
data0902\floor_display11\imdata_with_bbox,5,6,4,1
data0902\floor_display11\imdata_with_bbox,5,6,6,8
data0902\floor_display11\imdata_with_bbox,5,6,8,7
data0902\floor_display11\imdata_with_bbox,5,6,10,24
data0902\floor_display11\imdata_with_bbox,5,6,68,45
data0902\floor_display11\imdata_with_bbox,5,6,9,11
data0902\floor_display11\imdata_with_bbox,5,6,16,30
data0902\floor_display11\imdata_with_bbox,5,6,27,3
data0902\floor_display11\imdata_with_bbox,5,6,34,4
data0902\floor_display11\imdata_with_bbox,5,6,52,53
data0902\floor_display11\imdata_with_bbox,5,6,50,15
data0902\floor_display11\imdata_with_bbox,5,6,21,22
data0902\floor_display11\imdata_with_bbox,5,6,42,38
data0902\floor_display11\imdata_with_bbox,5,6,31,49
data0902\floor_display11\imdata_with_bbox,5,6,5,0
data0902\floor_display11\imdata_with_bbox,5,6,3,2
data0902\floor_display11\imdata_with_bbox,5,6,7,9
data0902\floor_display11\imdata_with_bbox,5,6,12,5
data0902\floor_display11\imdata_with_bbox,5,6,13,23
data0902\floor_display11\imdata_with_bbox,5,6,44,47
data0902\floor_display11\imdata_with_bbox,5,6,15,39
data0902\floor_display11\imdata_with_bbox,5,6,18,40
data0902\floor_display11\imdata_with_bbox,5,6,26,14
data0902\floor_display11\imdata_with_bbox,5,6,63,27
data0902\floor_display11\imdata_with_bbox,5,6,55,32
data0902\floor_display11\imdata_with_bbox,5,6,14,46
data0902\floor_display11\imdata_with_bbox,5,6,30,6
data0902\floor_display11\imdata_with_bbox,5,6,43,13
data0902\floor_display11\imdata_with_bbox,5,6,36,21
data0902\floor_display11\imdata_with_bbox,5,6,19,42
data0902\floor_display11\imdata_with_bbox,5,6,25,25
data0902\floor_display11\imdata_with_bbox,5,6,51,59
data0902\floor_display11\imdata_with_bbox,5,6,70,44
data0902\floor_display11\imdata_with_bbox,5,6,60,34
data0902\floor_display11\imdata_with_bbox,5,6,19,18
data0902\floor_display11\imdata_with_bbox,5,6,32,52
data0902\floor_display11\imdata_with_bbox,5,6,20,10
data0902\floor_display11\imdata_with_bbox,5,6,23,16
data0902\floor_display11\imdata_with_bbox,5,6,28,54
data0902\floor_display11\imdata_with_bbox,5,6,64,17
data0902\floor_display11\imdata_with_bbox,6,7,61,60
data0902\floor_display11\imdata_with_bbox,6,7,50,33
data0902\floor_display11\imdata_with_bbox,6,7,55,36
data0902\floor_display11\imdata_with_bbox,6,7,43,29
data0902\floor_display11\imdata_with_bbox,6,7,35,32
data0902\floor_display11\imdata_with_bbox,6,7,15,49
data0902\floor_display11\imdata_with_bbox,6,7,22,11
data0902\floor_display11\imdata_with_bbox,6,7,38,2
data0902\floor_display11\imdata_with_bbox,6,7,49,6
data0902\floor_display11\imdata_with_bbox,6,7,27,63
data0902\floor_display11\imdata_with_bbox,6,7,32,50
data0902\floor_display11\imdata_with_bbox,6,7,46,17
data0902\floor_display11\imdata_with_bbox,6,7,6,1
data0902\floor_display11\imdata_with_bbox,6,7,13,0
data0902\floor_display11\imdata_with_bbox,6,7,21,18
data0902\floor_display11\imdata_with_bbox,6,7,42,21
data0902\floor_display11\imdata_with_bbox,6,7,25,16
data0902\floor_display11\imdata_with_bbox,6,7,59,15
data0902\floor_display11\imdata_with_bbox,6,7,33,23
data0902\floor_display11\imdata_with_bbox,6,7,18,26
data0902\floor_display11\imdata_with_bbox,6,7,52,19
data0902\floor_display11\imdata_with_bbox,6,7,10,8
data0902\floor_display11\imdata_with_bbox,6,7,16,4
data0902\floor_display11\imdata_with_bbox,6,7,54,9
data0902\floor_display11\imdata_with_bbox,7,8,59,50
data0902\floor_display11\imdata_with_bbox,7,8,58,47
data0902\floor_display11\imdata_with_bbox,7,8,27,20
data0902\floor_display11\imdata_with_bbox,7,8,22,7
data0902\floor_display11\imdata_with_bbox,7,8,28,31
data0902\floor_display11\imdata_with_bbox,7,8,62,6
data0902\floor_display11\imdata_with_bbox,7,8,54,21
data0902\floor_display11\imdata_with_bbox,7,8,35,24
data0902\floor_display11\imdata_with_bbox,7,8,30,33
data0902\floor_display11\imdata_with_bbox,7,8,31,39
data0902\floor_display11\imdata_with_bbox,7,8,48,32
data0902\floor_display11\imdata_with_bbox,7,8,61,53
data0902\floor_display11\imdata_with_bbox,7,8,3,2
data0902\floor_display11\imdata_with_bbox,7,8,51,48
data0902\floor_display11\imdata_with_bbox,7,8,46,50
data0902\floor_display11\imdata_with_bbox,7,8,5,63
data0902\floor_display11\imdata_with_bbox,7,8,5,38
data0902\floor_display11\imdata_with_bbox,7,8,34,22
data0902\floor_display11\imdata_with_bbox,7,8,25,9
data0902\floor_display11\imdata_with_bbox,7,8,65,66
data0902\floor_display11\imdata_with_bbox,7,8,57,67
data0902\floor_display11\imdata_with_bbox,7,8,55,59
data0902\floor_display11\imdata_with_bbox,7,8,20,26
data0902\floor_display11\imdata_with_bbox,7,8,53,65
data0902\floor_display11\imdata_with_bbox,7,8,56,68
data0902\floor_display11\imdata_with_bbox,8,9,5,41
data0902\floor_display11\imdata_with_bbox,8,9,36,33
data0902\floor_display11\imdata_with_bbox,8,9,27,22
data0902\floor_display11\imdata_with_bbox,8,9,6,5
data0902\floor_display11\imdata_with_bbox,8,9,4,1
data0902\floor_display11\imdata_with_bbox,8,9,12,6
data0902\floor_display11\imdata_with_bbox,8,9,13,3
data0902\floor_display11\imdata_with_bbox,8,9,1,13
data0902\floor_display11\imdata_with_bbox,8,9,18,17
data0902\floor_display11\imdata_with_bbox,8,9,46,45
data0902\floor_display11\imdata_with_bbox,8,9,49,44
data0902\floor_display11\imdata_with_bbox,8,9,44,0
data0902\floor_display11\imdata_with_bbox,8,9,0,9
data0902\floor_display11\imdata_with_bbox,8,9,14,11
data0902\floor_display11\imdata_with_bbox,8,9,69,7
data0902\floor_display11\imdata_with_bbox,9,10,36,28
data0902\floor_display11\imdata_with_bbox,9,10,35,19
data0902\floor_display11\imdata_with_bbox,9,10,38,6
data0902\floor_display11\imdata_with_bbox,9,10,47,20
data0902\floor_display11\imdata_with_bbox,9,10,8,52
data0902\floor_display11\imdata_with_bbox,9,10,37,5
data0902\floor_display11\imdata_with_bbox,9,10,28,16
data0902\floor_display11\imdata_with_bbox,9,10,34,30
data0902\floor_display11\imdata_with_bbox,9,10,2,37
data0902\floor_display11\imdata_with_bbox,9,10,46,28
data0902\floor_display11\imdata_with_bbox,9,10,39,14
data0902\floor_display11\imdata_with_bbox,9,10,19,2
data0902\floor_display11\imdata_with_bbox,9,10,29,23
data0902\floor_display11\imdata_with_bbox,9,10,12,38
data0902\floor_display11\imdata_with_bbox,9,10,23,24
data0902\floor_display11\imdata_with_bbox,9,10,23,17
data0902\floor_display11\imdata_with_bbox,9,10,31,11
data0902\floor_display11\imdata_with_bbox,9,10,30,3
data0902\floor_display11\imdata_with_bbox,9,10,42,27
data0902\floor_display11\imdata_with_bbox,9,10,40,10
data0902\floor_display11\imdata_with_bbox,10,11,50,68
data0902\floor_display11\imdata_with_bbox,10,11,41,26
data0902\floor_display11\imdata_with_bbox,10,11,36,23
data0902\floor_display11\imdata_with_bbox,10,11,49,37
data0902\floor_display11\imdata_with_bbox,10,11,51,47
data0902\floor_display11\imdata_with_bbox,10,11,31,24
data0902\floor_display11\imdata_with_bbox,10,11,44,35
data0902\floor_display11\imdata_with_bbox,10,11,42,29
data0902\floor_display11\imdata_with_bbox,10,11,40,13
data0902\floor_display11\imdata_with_bbox,10,11,34,6
data0902\floor_display11\imdata_with_bbox,10,11,21,27
data0902\floor_display11\imdata_with_bbox,10,11,4,2
data0902\floor_display11\imdata_with_bbox,10,11,9,0
data0902\floor_display11\imdata_with_bbox,10,11,0,1
data0902\floor_display11\imdata_with_bbox,10,11,46,25
data0902\floor_display11\imdata_with_bbox,10,11,1,32
data0902\floor_display11\imdata_with_bbox,10,11,13,28
data0902\floor_display11\imdata_with_bbox,10,11,45,61
data0902\floor_display11\imdata_with_bbox,10,11,12,5
data0902\floor_display11\imdata_with_bbox,10,11,7,9
data0902\floor_display11\imdata_with_bbox,10,11,47,15
data0902\floor_display11\imdata_with_bbox,10,11,43,49
data0902\floor_display11\imdata_with_bbox,11,12,23,67
data0902\floor_display11\imdata_with_bbox,11,12,37,65
data0902\floor_display11\imdata_with_bbox,11,12,46,86
data0902\floor_display11\imdata_with_bbox,11,12,41,86
data0902\floor_display11\imdata_with_bbox,11,12,38,76
data0902\floor_display11\imdata_with_bbox,11,12,54,62
data0902\floor_display11\imdata_with_bbox,11,12,52,58
data0902\floor_display11\imdata_with_bbox,11,12,50,60
data0902\floor_display11\imdata_with_bbox,11,12,48,89
data0902\floor_display11\imdata_with_bbox,11,12,29,72
data0902\floor_display11\imdata_with_bbox,11,12,13,36
data0902\floor_display11\imdata_with_bbox,11,12,6,37
data0902\floor_display11\imdata_with_bbox,11,12,14,33
data0902\floor_display11\imdata_with_bbox,11,12,18,38
data0902\floor_display11\imdata_with_bbox,11,12,20,30
data0902\floor_display11\imdata_with_bbox,11,12,11,32
data0902\floor_display11\imdata_with_bbox,11,12,10,34
data0902\floor_display11\imdata_with_bbox,11,12,16,31
data0902\floor_display11\imdata_with_bbox,11,12,27,52
data0902\floor_display11\imdata_with_bbox,11,12,2,26
data0902\floor_display11\imdata_with_bbox,11,12,0,27
data0902\floor_display11\imdata_with_bbox,11,12,1,13
data0902\floor_display11\imdata_with_bbox,11,12,25,47
data0902\floor_display11\imdata_with_bbox,11,12,43,73
data0902\floor_display11\imdata_with_bbox,11,12,45,64
data0902\floor_display11\imdata_with_bbox,11,12,32,42
data0902\floor_display11\imdata_with_bbox,11,12,5,20
data0902\floor_display11\imdata_with_bbox,11,12,9,18
data0902\floor_display11\imdata_with_bbox,11,12,3,23
data0902\floor_display11\imdata_with_bbox,11,12,15,57
data0902\floor_display11\imdata_with_bbox,11,12,4,55
data0902\floor_display11\imdata_with_bbox,11,12,36,88
data0902\floor_display11\imdata_with_bbox,11,12,51,7
data0902\floor_display11\imdata_with_bbox,11,12,7,19
data0902\floor_display11\imdata_with_bbox,11,12,56,2
data0902\floor_display11\imdata_with_bbox,11,12,19,1
data0902\floor_display11\imdata_with_bbox,11,12,30,16
data0902\floor_display11\imdata_with_bbox,11,12,33,0
data0902\floor_display11\imdata_with_bbox,11,12,8,3
data0902\floor_display11\imdata_with_bbox,11,12,21,11
data0902\floor_display11\imdata_with_bbox,11,12,31,6
data0902\floor_display11\imdata_with_bbox,12,13,88,17
data0902\floor_display11\imdata_with_bbox,12,13,10,7
data0902\floor_display11\imdata_with_bbox,12,13,22,8
data0902\floor_display11\imdata_with_bbox,12,13,2,3
data0902\floor_display11\imdata_with_bbox,12,13,5,0
data0902\floor_display11\imdata_with_bbox,12,13,8,2
data0902\floor_display11\imdata_with_bbox,12,13,9,5
data0902\floor_display11\imdata_with_bbox,12,13,25,1
data0902\floor_display11\imdata_with_bbox,12,13,0,10
data0902\floor_display11\imdata_with_bbox,12,13,4,9
data0902\floor_display11\imdata_with_bbox,12,13,14,6
data0902\floor_display11\imdata_with_bbox,12,13,24,15
data0902\floor_display11\imdata_with_bbox,12,13,28,12
data0902\floor_display11\imdata_with_bbox,12,13,44,20
data0902\floor_display11\imdata_with_bbox,12,13,6,16
data0902\floor_display11\imdata_with_bbox,12,13,21,13
data0902\floor_display11\imdata_with_bbox,12,13,15,11
data0902\floor_display11\imdata_with_bbox,12,13,17,14
data0902\floor_display11\imdata_with_bbox,12,13,29,18
data0902\floor_display11\imdata_with_bbox,12,13,61,22
data0902\floor_display12\imdata_with_bbox,1,2,6,51
data0902\floor_display12\imdata_with_bbox,1,2,0,52
data0902\floor_display12\imdata_with_bbox,1,2,9,30
data0902\floor_display12\imdata_with_bbox,1,2,13,22
data0902\floor_display12\imdata_with_bbox,1,2,8,42
data0902\floor_display12\imdata_with_bbox,1,2,11,18
data0902\floor_display12\imdata_with_bbox,1,2,3,9
data0902\floor_display12\imdata_with_bbox,1,2,1,19
data0902\floor_display12\imdata_with_bbox,1,2,12,25
data0902\floor_display12\imdata_with_bbox,1,2,10,41
data0902\floor_display12\imdata_with_bbox,1,2,46,19
data0902\floor_display12\imdata_with_bbox,1,2,22,49
data0902\floor_display12\imdata_with_bbox,1,2,24,59
data0902\floor_display12\imdata_with_bbox,1,2,21,58
data0902\floor_display12\imdata_with_bbox,2,3,53,47
data0902\floor_display12\imdata_with_bbox,2,3,50,58
data0902\floor_display12\imdata_with_bbox,2,3,43,56
data0902\floor_display12\imdata_with_bbox,2,3,33,41
data0902\floor_display12\imdata_with_bbox,2,3,31,11
data0902\floor_display12\imdata_with_bbox,2,3,35,30
data0902\floor_display12\imdata_with_bbox,2,3,37,14
data0902\floor_display12\imdata_with_bbox,2,3,40,17
data0902\floor_display12\imdata_with_bbox,2,3,48,31
data0902\floor_display12\imdata_with_bbox,2,3,47,21
data0902\floor_display12\imdata_with_bbox,2,3,55,18
data0902\floor_display12\imdata_with_bbox,2,3,57,22
data0902\floor_display12\imdata_with_bbox,2,3,54,49
data0902\floor_display12\imdata_with_bbox,2,3,34,16
data0902\floor_display12\imdata_with_bbox,2,3,26,36
data0902\floor_display12\imdata_with_bbox,2,3,13,27
data0902\floor_display12\imdata_with_bbox,2,3,21,38
data0902\floor_display12\imdata_with_bbox,2,3,45,53
data0902\floor_display12\imdata_with_bbox,2,3,20,51
data0902\floor_display12\imdata_with_bbox,2,3,17,12
data0902\floor_display12\imdata_with_bbox,2,3,6,15
data0902\floor_display12\imdata_with_bbox,2,3,29,42
data0902\floor_display12\imdata_with_bbox,2,3,16,43
data0902\floor_display12\imdata_with_bbox,2,3,62,63
data0902\floor_display12\imdata_with_bbox,2,3,15,37
data0902\floor_display12\imdata_with_bbox,2,3,11,34
data0902\floor_display12\imdata_with_bbox,2,3,10,9
data0902\floor_display12\imdata_with_bbox,2,3,12,4
data0902\floor_display12\imdata_with_bbox,2,3,0,0
data0902\floor_display12\imdata_with_bbox,2,3,8,3
data0902\floor_display12\imdata_with_bbox,2,3,1,1
data0902\floor_display12\imdata_with_bbox,2,3,2,2
data0902\floor_display12\imdata_with_bbox,2,3,32,28
data0902\floor_display12\imdata_with_bbox,2,3,36,26
data0902\floor_display12\imdata_with_bbox,2,3,28,24
data0902\floor_display12\imdata_with_bbox,2,3,4,13
data0902\floor_display12\imdata_with_bbox,2,3,7,5
data0902\floor_display12\imdata_with_bbox,2,3,5,19
data0902\floor_display12\imdata_with_bbox,2,3,3,10
data0902\floor_display12\imdata_with_bbox,2,3,14,8
data0902\floor_display12\imdata_with_bbox,2,3,24,6
data0902\floor_display12\imdata_with_bbox,2,3,23,7
data0902\floor_display12\imdata_with_bbox,2,3,39,23
data0902\floor_display12\imdata_with_bbox,2,3,44,25
data0902\floor_display12\imdata_with_bbox,2,3,56,20
data0902\floor_display12\imdata_with_bbox,3,4,78,73
data0902\floor_display12\imdata_with_bbox,3,4,60,12
data0902\floor_display12\imdata_with_bbox,3,4,64,40
data0902\floor_display12\imdata_with_bbox,3,4,54,56
data0902\floor_display12\imdata_with_bbox,3,4,52,47
data0902\floor_display12\imdata_with_bbox,3,4,87,78
data0902\floor_display12\imdata_with_bbox,3,4,67,67
data0902\floor_display12\imdata_with_bbox,3,4,66,48
data0902\floor_display12\imdata_with_bbox,3,4,85,60
data0902\floor_display12\imdata_with_bbox,3,4,68,71
data0902\floor_display12\imdata_with_bbox,3,4,57,57
data0902\floor_display12\imdata_with_bbox,3,4,33,37
data0902\floor_display12\imdata_with_bbox,3,4,32,30
data0902\floor_display12\imdata_with_bbox,3,4,73,44
data0902\floor_display12\imdata_with_bbox,3,4,48,80
data0902\floor_display12\imdata_with_bbox,3,4,55,21
data0902\floor_display12\imdata_with_bbox,3,4,29,6
data0902\floor_display12\imdata_with_bbox,3,4,20,72
data0902\floor_display12\imdata_with_bbox,3,4,84,79
data0902\floor_display12\imdata_with_bbox,3,4,35,19
data0902\floor_display12\imdata_with_bbox,3,4,72,45
data0902\floor_display12\imdata_with_bbox,3,4,70,50
data0902\floor_display12\imdata_with_bbox,3,4,65,64
data0902\floor_display12\imdata_with_bbox,3,4,80,51
data0902\floor_display12\imdata_with_bbox,3,4,46,36
data0902\floor_display12\imdata_with_bbox,4,5,53,54
data0902\floor_display12\imdata_with_bbox,4,5,41,19
data0902\floor_display12\imdata_with_bbox,4,5,22,36
data0902\floor_display12\imdata_with_bbox,4,5,35,31
data0902\floor_display12\imdata_with_bbox,4,5,38,38
data0902\floor_display12\imdata_with_bbox,4,5,52,65
data0902\floor_display12\imdata_with_bbox,4,5,31,1
data0902\floor_display12\imdata_with_bbox,4,5,34,9
data0902\floor_display12\imdata_with_bbox,4,5,8,11
data0902\floor_display12\imdata_with_bbox,4,5,24,27
data0902\floor_display12\imdata_with_bbox,4,5,10,20
data0902\floor_display12\imdata_with_bbox,4,5,33,33
data0902\floor_display12\imdata_with_bbox,4,5,62,4
data0902\floor_display12\imdata_with_bbox,4,5,43,29
data0902\floor_display12\imdata_with_bbox,4,5,42,26
data0902\floor_display12\imdata_with_bbox,4,5,74,40
data0902\floor_display12\imdata_with_bbox,4,5,65,100
data0902\floor_display12\imdata_with_bbox,4,5,2,73
data0902\floor_display12\imdata_with_bbox,4,5,4,15
data0902\floor_display12\imdata_with_bbox,4,5,5,25
data0902\floor_display12\imdata_with_bbox,4,5,14,14
data0902\floor_display12\imdata_with_bbox,4,5,25,22
data0902\floor_display12\imdata_with_bbox,4,5,54,95
data0902\floor_display12\imdata_with_bbox,4,5,27,12
data0902\floor_display12\imdata_with_bbox,4,5,20,43
data0902\floor_display12\imdata_with_bbox,4,5,46,32
data0902\floor_display12\imdata_with_bbox,4,5,55,34
data0902\floor_display12\imdata_with_bbox,4,5,39,42
data0902\floor_display12\imdata_with_bbox,4,5,11,7
data0902\floor_display12\imdata_with_bbox,4,5,18,23
data0902\floor_display12\imdata_with_bbox,4,5,23,39
data0902\floor_display12\imdata_with_bbox,4,5,81,84
data0902\floor_display12\imdata_with_bbox,4,5,13,5
data0902\floor_display12\imdata_with_bbox,4,5,7,10
data0902\floor_display12\imdata_with_bbox,4,5,1,6
data0902\floor_display12\imdata_with_bbox,4,5,28,3
data0902\floor_display12\imdata_with_bbox,4,5,29,2
data0902\floor_display12\imdata_with_bbox,4,5,17,0
data0902\floor_display12\imdata_with_bbox,4,5,58,58
data0902\floor_display12\imdata_with_bbox,4,5,32,41
data0902\floor_display12\imdata_with_bbox,4,5,53,72
data0902\floor_display12\imdata_with_bbox,4,5,69,46
data0902\floor_display12\imdata_with_bbox,5,6,84,84
data0902\floor_display12\imdata_with_bbox,5,6,4,11
data0902\floor_display12\imdata_with_bbox,5,6,29,72
data0902\floor_display12\imdata_with_bbox,5,6,26,83
data0902\floor_display12\imdata_with_bbox,5,6,55,56
data0902\floor_display12\imdata_with_bbox,5,6,53,54
data0902\floor_display12\imdata_with_bbox,5,6,59,55
data0902\floor_display12\imdata_with_bbox,5,6,32,77
data0902\floor_display12\imdata_with_bbox,5,6,34,96
data0902\floor_display12\imdata_with_bbox,5,6,42,85
data0902\floor_display12\imdata_with_bbox,5,6,85,64
data0902\floor_display12\imdata_with_bbox,5,6,74,65
data0902\floor_display12\imdata_with_bbox,5,6,45,25
data0902\floor_display12\imdata_with_bbox,5,6,48,23
data0902\floor_display12\imdata_with_bbox,5,6,44,17
data0902\floor_display12\imdata_with_bbox,5,6,50,31
data0902\floor_display12\imdata_with_bbox,5,6,58,73
data0902\floor_display12\imdata_with_bbox,5,6,41,93
data0902\floor_display12\imdata_with_bbox,5,6,46,90
data0902\floor_display12\imdata_with_bbox,5,6,57,57
data0902\floor_display12\imdata_with_bbox,5,6,18,59
data0902\floor_display12\imdata_with_bbox,5,6,49,48
data0902\floor_display12\imdata_with_bbox,5,6,28,40
data0902\floor_display12\imdata_with_bbox,5,6,16,49
data0902\floor_display12\imdata_with_bbox,5,6,61,5
data0902\floor_display12\imdata_with_bbox,5,6,68,34
data0902\floor_display12\imdata_with_bbox,5,6,70,12
data0902\floor_display12\imdata_with_bbox,5,6,47,3
data0902\floor_display12\imdata_with_bbox,5,6,62,2
data0902\floor_display12\imdata_with_bbox,5,6,81,103
data0902\floor_display12\imdata_with_bbox,5,6,76,69
data0902\floor_display12\imdata_with_bbox,6,7,80,23
data0902\floor_display12\imdata_with_bbox,6,7,42,28
data0902\floor_display12\imdata_with_bbox,6,7,37,32
data0902\floor_display12\imdata_with_bbox,6,7,53,37
data0902\floor_display12\imdata_with_bbox,6,7,20,33
data0902\floor_display12\imdata_with_bbox,6,7,78,26
data0902\floor_display12\imdata_with_bbox,6,7,106,21
data0902\floor_display12\imdata_with_bbox,6,7,68,35
data0902\floor_display12\imdata_with_bbox,6,7,70,24
data0902\floor_display12\imdata_with_bbox,7,8,22,66
data0902\floor_display12\imdata_with_bbox,7,8,12,5
data0902\floor_display12\imdata_with_bbox,7,8,10,85
data0902\floor_display12\imdata_with_bbox,7,8,3,52
data0902\floor_display12\imdata_with_bbox,7,8,6,119
data0902\floor_display12\imdata_with_bbox,7,8,35,91
data0902\floor_display12\imdata_with_bbox,7,8,24,27
data0902\floor_display12\imdata_with_bbox,7,8,8,40
data0902\floor_display12\imdata_with_bbox,7,8,9,26
data0902\floor_display12\imdata_with_bbox,7,8,30,17
data0902\floor_display12\imdata_with_bbox,7,8,27,48
data0902\floor_display12\imdata_with_bbox,7,8,19,21
data0902\floor_display12\imdata_with_bbox,7,8,37,77
data0902\floor_display12\imdata_with_bbox,7,8,33,16
data0902\floor_display12\imdata_with_bbox,8,9,11,102
data0902\floor_display12\imdata_with_bbox,8,9,50,97
data0902\floor_display12\imdata_with_bbox,8,9,1,66
data0902\floor_display12\imdata_with_bbox,8,9,24,31
data0902\floor_display12\imdata_with_bbox,8,9,3,76
data0902\floor_display12\imdata_with_bbox,8,9,73,65
data0902\floor_display12\imdata_with_bbox,8,9,78,81
data0902\floor_display12\imdata_with_bbox,8,9,33,72
data0902\floor_display12\imdata_with_bbox,8,9,39,75
data0902\floor_display12\imdata_with_bbox,8,9,71,70
data0902\floor_display12\imdata_with_bbox,8,9,4,38
data0902\floor_display12\imdata_with_bbox,8,9,12,98
data0902\floor_display12\imdata_with_bbox,8,9,35,7
data0902\floor_display12\imdata_with_bbox,8,9,32,5
data0902\floor_display12\imdata_with_bbox,8,9,28,3
data0902\floor_display12\imdata_with_bbox,8,9,64,8
data0902\floor_display12\imdata_with_bbox,8,9,111,12
data0902\floor_display12\imdata_with_bbox,8,9,74,22
data0902\floor_display12\imdata_with_bbox,8,9,58,10
data0902\floor_display12\imdata_with_bbox,8,9,75,20
data0902\floor_display12\imdata_with_bbox,8,9,95,18
data0902\floor_display12\imdata_with_bbox,8,9,86,47
data0902\floor_display12\imdata_with_bbox,8,9,37,50
data0902\floor_display12\imdata_with_bbox,8,9,57,42
data0902\floor_display12\imdata_with_bbox,8,9,8,2
data0902\floor_display12\imdata_with_bbox,8,9,2,0
data0902\floor_display12\imdata_with_bbox,8,9,7,1
data0902\floor_display12\imdata_with_bbox,8,9,14,4
data0902\floor_display12\imdata_with_bbox,8,9,117,30
data0902\floor_display12\imdata_with_bbox,8,9,103,56
data0902\floor_display12\imdata_with_bbox,8,9,100,33
data0902\floor_display12\imdata_with_bbox,8,9,70,40
data0902\floor_display12\imdata_with_bbox,8,9,115,59
data0902\floor_display12\imdata_with_bbox,8,9,63,28
data0902\floor_display12\imdata_with_bbox,8,9,109,54
data0902\floor_display12\imdata_with_bbox,8,9,6,11
data0902\floor_display12\imdata_with_bbox,8,9,19,24
data0902\floor_display12\imdata_with_bbox,8,9,68,61
data0902\floor_display12\imdata_with_bbox,8,9,105,37
data0902\floor_display12\imdata_with_bbox,8,9,113,39
data0902\floor_display12\imdata_with_bbox,8,9,124,49
data0902\floor_display12\imdata_with_bbox,8,9,126,71
data0902\floor_display12\imdata_with_bbox,8,9,89,29
data0902\floor_display12\imdata_with_bbox,8,9,93,25
data0902\floor_display12\imdata_with_bbox,8,9,41,23
data0902\floor_display12\imdata_with_bbox,8,9,62,95
data0902\floor_display12\imdata_with_bbox,9,10,100,11
data0902\floor_display12\imdata_with_bbox,9,10,94,18
data0902\floor_display12\imdata_with_bbox,9,10,85,31
data0902\floor_display12\imdata_with_bbox,9,10,87,13
data0902\floor_display12\imdata_with_bbox,9,10,82,14
data0902\floor_display12\imdata_with_bbox,9,10,32,22
data0902\floor_display12\imdata_with_bbox,9,10,101,37
data0902\floor_display12\imdata_with_bbox,9,10,93,39
data0902\floor_display12\imdata_with_bbox,9,10,73,100
data0902\floor_display12\imdata_with_bbox,9,10,40,271
data0902\floor_display12\imdata_with_bbox,9,10,59,9
data0902\floor_display12\imdata_with_bbox,9,10,28,8
data0902\floor_display12\imdata_with_bbox,9,10,13,0
data0902\floor_display12\imdata_with_bbox,9,10,9,1
data0902\floor_display12\imdata_with_bbox,9,10,14,5
data0902\floor_display12\imdata_with_bbox,9,10,54,46
data0902\floor_display12\imdata_with_bbox,9,10,43,36
data0902\floor_display12\imdata_with_bbox,9,10,57,27
data0902\floor_display12\imdata_with_bbox,9,10,29,12
data0902\floor_display12\imdata_with_bbox,9,10,74,47
data0902\floor_display12\imdata_with_bbox,9,10,16,6
data0902\floor_display12\imdata_with_bbox,9,10,25,10
data0902\floor_display12\imdata_with_bbox,9,10,23,3
data0902\floor_display12\imdata_with_bbox,9,10,27,2
data0902\floor_display12\imdata_with_bbox,9,10,17,4
data0902\floor_display12\imdata_with_bbox,9,10,34,38
data0902\floor_display12\imdata_with_bbox,9,10,95,38
data0902\floor_display12\imdata_with_bbox,10,11,293,79
data0902\floor_display12\imdata_with_bbox,10,11,259,53
data0902\floor_display12\imdata_with_bbox,10,11,54,62
data0902\floor_display12\imdata_with_bbox,10,11,42,41
data0902\floor_display12\imdata_with_bbox,10,11,41,43
data0902\floor_display12\imdata_with_bbox,10,11,186,28
data0902\floor_display12\imdata_with_bbox,10,11,17,36
data0902\floor_display12\imdata_with_bbox,10,11,121,27
data0902\floor_display12\imdata_with_bbox,10,11,19,27
data0902\floor_display12\imdata_with_bbox,10,11,298,54
data0902\floor_display12\imdata_with_bbox,10,11,56,6
data0902\floor_display12\imdata_with_bbox,10,11,20,5
data0902\floor_display12\imdata_with_bbox,10,11,16,15
data0902\floor_display12\imdata_with_bbox,10,11,50,19
data0902\floor_display12\imdata_with_bbox,10,11,25,64
data0902\floor_display12\imdata_with_bbox,10,11,52,22
data0902\floor_display12\imdata_with_bbox,10,11,21,7
data0902\floor_display12\imdata_with_bbox,10,11,15,33
data0902\floor_display12\imdata_with_bbox,10,11,156,17
data0902\floor_display12\imdata_with_bbox,10,11,30,23
data0902\floor_display12\imdata_with_bbox,10,11,23,39
data0902\floor_display12\imdata_with_bbox,11,12,60,37
data0902\floor_display12\imdata_with_bbox,11,12,61,33
data0902\floor_display12\imdata_with_bbox,11,12,71,31
data0902\floor_display12\imdata_with_bbox,11,12,55,54
data0902\floor_display12\imdata_with_bbox,11,12,59,74
data0902\floor_display12\imdata_with_bbox,11,12,69,26
data0902\floor_display12\imdata_with_bbox,11,12,74,22
data0902\floor_display12\imdata_with_bbox,11,12,10,3
data0902\floor_display12\imdata_with_bbox,11,12,3,71
data0902\floor_display12\imdata_with_bbox,11,12,13,4
data0902\floor_display12\imdata_with_bbox,11,12,14,2
data0902\floor_display12\imdata_with_bbox,11,12,26,1
data0902\floor_display12\imdata_with_bbox,11,12,48,12
data0902\floor_display12\imdata_with_bbox,12,13,53,72
data0902\floor_display12\imdata_with_bbox,12,13,49,21
data0902\floor_display12\imdata_with_bbox,12,13,45,17
data0902\floor_display12\imdata_with_bbox,12,13,39,16
data0902\floor_display12\imdata_with_bbox,12,13,36,8
data0902\floor_display12\imdata_with_bbox,12,13,29,27
data0902\floor_display12\imdata_with_bbox,12,13,24,15
data0902\floor_display12\imdata_with_bbox,12,13,27,10
data0902\floor_display12\imdata_with_bbox,12,13,35,14
data0902\floor_display12\imdata_with_bbox,12,13,17,73
data0902\floor_display12\imdata_with_bbox,12,13,23,13
data0902\floor_display12\imdata_with_bbox,12,13,10,29
data0902\floor_display12\imdata_with_bbox,12,13,11,39
data0902\floor_display12\imdata_with_bbox,12,13,14,24
data0902\floor_display12\imdata_with_bbox,12,13,28,43
data0902\floor_display12\imdata_with_bbox,12,13,40,62
data0902\floor_display12\imdata_with_bbox,12,13,61,20
data0902\floor_display12\imdata_with_bbox,13,14,4,14
data0902\floor_display12\imdata_with_bbox,13,14,6,32
data0902\floor_display12\imdata_with_bbox,13,14,0,13
data0902\floor_display12\imdata_with_bbox,13,14,1,34
data0902\floor_display12\imdata_with_bbox,13,14,71,87
data0902\floor_display12\imdata_with_bbox,13,14,61,3
data0902\floor_display12\imdata_with_bbox,13,14,49,1
data0902\floor_display12\imdata_with_bbox,13,14,66,16
data0902\floor_display12\imdata_with_bbox,13,14,44,2
data0902\floor_display12\imdata_with_bbox,13,14,47,0
data0902\floor_display12\imdata_with_bbox,13,14,58,4
data0902\floor_display12\imdata_with_bbox,13,14,21,63
data0902\floor_display12\imdata_with_bbox,13,14,16,59
data0902\floor_display12\imdata_with_bbox,13,14,8,55
data0902\floor_display12\imdata_with_bbox,13,14,27,18
data0902\floor_display12\imdata_with_bbox,13,14,5,39
data0902\floor_display12\imdata_with_bbox,13,14,2,41
data0902\floor_display12\imdata_with_bbox,13,14,3,31
data0902\floor_display12\imdata_with_bbox,13,14,9,35
data0902\floor_display12\imdata_with_bbox,13,14,11,40
data0902\floor_display12\imdata_with_bbox,13,14,7,11
data0902\floor_display12\imdata_with_bbox,13,14,19,22
data0902\floor_display12\imdata_with_bbox,13,14,18,53
data0902\floor_display12\imdata_with_bbox,13,14,26,77
data0902\floor_display12\imdata_with_bbox,13,14,31,44
data0902\floor_display12\imdata_with_bbox,13,14,46,49
data0902\floor_display12\imdata_with_bbox,13,14,15,42
data0902\floor_display12\imdata_with_bbox,13,14,10,38
data0902\floor_display12\imdata_with_bbox,13,14,28,8
data0902\floor_display12\imdata_with_bbox,13,14,12,5
data0902\floor_display12\imdata_with_bbox,13,14,52,21
data0902\floor_display12\imdata_with_bbox,13,14,42,28
data0902\floor_display12\imdata_with_bbox,13,14,25,7
data0902\floor_display12\imdata_with_bbox,13,14,34,24
data0902\floor_display12\imdata_with_bbox,13,14,30,6
data0902\floor_display12\imdata_with_bbox,13,14,40,26
data0902\floor_display12\imdata_with_bbox,13,14,36,37
data0902\floor_display12\imdata_with_bbox,13,14,38,30
data0902\floor_display12\imdata_with_bbox,13,14,24,71
data0902\floor_display12\imdata_with_bbox,13,14,29,48
data0902\floor_display12\imdata_with_bbox,13,14,39,80
data0902\floor_display12\imdata_with_bbox,13,14,22,65
data0902\floor_display12\imdata_with_bbox,13,14,45,10
data0902\floor_display12\imdata_with_bbox,13,14,55,75
data0902\floor_display12\imdata_with_bbox,13,14,32,9
data0902\floor_display12\imdata_with_bbox,13,14,41,19
data0902\floor_display12\imdata_with_bbox,13,14,69,54
data0902\floor_display12\imdata_with_bbox,16,1,4,25
data0902\floor_display12\imdata_with_bbox,16,1,8,23
data0902\floor_display12\imdata_with_bbox,16,1,0,15
data0902\floor_display12\imdata_with_bbox,16,1,2,17
data0902\floor_display12\imdata_with_bbox,16,1,7,3
data0902\floor_display12\imdata_with_bbox,16,1,3,16
data0902\floor_display12\imdata_with_bbox,16,1,6,4
data0902\floor_display12\imdata_with_bbox,16,1,5,22
